solid OpenSCAD_Model
  facet normal 0.0313815 -0.999507 0
    outer loop
      vertex 0 -105 0
      vertex 6.593 -104.793 3
      vertex 0 -105 3
    endloop
  endfacet
  facet normal 0.0313815 -0.999507 0
    outer loop
      vertex 6.593 -104.793 3
      vertex 0 -105 0
      vertex 6.593 -104.793 0
    endloop
  endfacet
  facet normal 0.999507 -0.0313815 0
    outer loop
      vertex 104.793 -6.593 3
      vertex 105 0 0
      vertex 105 0 3
    endloop
  endfacet
  facet normal 0.999507 -0.0313815 0
    outer loop
      vertex 105 0 0
      vertex 104.793 -6.593 3
      vertex 104.793 -6.593 0
    endloop
  endfacet
  facet normal 0.995559 0.0941437 0
    outer loop
      vertex 104.793 6.593 3
      vertex 104.172 13.16 0
      vertex 104.172 13.16 3
    endloop
  endfacet
  facet normal 0.995559 0.0941437 0
    outer loop
      vertex 104.172 13.16 0
      vertex 104.793 6.593 3
      vertex 104.793 6.593 0
    endloop
  endfacet
  facet normal 0.999507 0.0313815 0
    outer loop
      vertex 105 0 3
      vertex 104.793 6.593 0
      vertex 104.793 6.593 3
    endloop
  endfacet
  facet normal 0.999507 0.0313815 0
    outer loop
      vertex 104.793 6.593 0
      vertex 105 0 3
      vertex 105 0 0
    endloop
  endfacet
  facet normal 0.987685 0.156453 0
    outer loop
      vertex 104.172 13.16 3
      vertex 103.14 19.675 0
      vertex 103.14 19.675 3
    endloop
  endfacet
  facet normal 0.987685 0.156453 0
    outer loop
      vertex 103.14 19.675 0
      vertex 104.172 13.16 3
      vertex 104.172 13.16 0
    endloop
  endfacet
  facet normal -0.827087 -0.562074 0
    outer loop
      vertex -84.9468 -61.7175 0
      vertex -88.6544 -56.2618 3
      vertex -88.6544 -56.2618 0
    endloop
  endfacet
  facet normal -0.827087 -0.562074 0
    outer loop
      vertex -88.6544 -56.2618 3
      vertex -84.9468 -61.7175 0
      vertex -84.9468 -61.7175 3
    endloop
  endfacet
  facet normal -0.790151 0.612913 0
    outer loop
      vertex -84.9468 61.7175 0
      vertex -80.9039 66.9295 3
      vertex -80.9039 66.9295 0
    endloop
  endfacet
  facet normal -0.790151 0.612913 0
    outer loop
      vertex -80.9039 66.9295 3
      vertex -84.9468 61.7175 0
      vertex -84.9468 61.7175 3
    endloop
  endfacet
  facet normal -0.999507 0.0313815 0
    outer loop
      vertex -105 0 0
      vertex -104.793 6.593 3
      vertex -104.793 6.593 0
    endloop
  endfacet
  facet normal -0.999507 0.0313815 0
    outer loop
      vertex -104.793 6.593 3
      vertex -105 0 0
      vertex -105 0 3
    endloop
  endfacet
  facet normal -0.987685 0.156453 0
    outer loop
      vertex -104.172 13.16 0
      vertex -103.14 19.675 3
      vertex -103.14 19.675 0
    endloop
  endfacet
  facet normal -0.987685 0.156453 0
    outer loop
      vertex -103.14 19.675 3
      vertex -104.172 13.16 0
      vertex -104.172 13.16 3
    endloop
  endfacet
  facet normal 0.827087 0.562074 0
    outer loop
      vertex 88.6544 56.2618 3
      vertex 84.9468 61.7175 0
      vertex 84.9468 61.7175 3
    endloop
  endfacet
  facet normal 0.827087 0.562074 0
    outer loop
      vertex 84.9468 61.7175 0
      vertex 88.6544 56.2618 3
      vertex 88.6544 56.2618 0
    endloop
  endfacet
  facet normal 0.156453 -0.987685 0
    outer loop
      vertex 13.16 -104.172 0
      vertex 19.675 -103.14 3
      vertex 13.16 -104.172 3
    endloop
  endfacet
  facet normal 0.156453 -0.987685 0
    outer loop
      vertex 19.675 -103.14 3
      vertex 13.16 -104.172 0
      vertex 19.675 -103.14 0
    endloop
  endfacet
  facet normal -0.790151 -0.612913 0
    outer loop
      vertex -80.9039 -66.9295 0
      vertex -84.9468 -61.7175 3
      vertex -84.9468 -61.7175 0
    endloop
  endfacet
  facet normal -0.790151 -0.612913 0
    outer loop
      vertex -84.9468 -61.7175 3
      vertex -80.9039 -66.9295 0
      vertex -80.9039 -66.9295 3
    endloop
  endfacet
  facet normal -0.827087 0.562074 0
    outer loop
      vertex -88.6544 56.2618 0
      vertex -84.9468 61.7175 3
      vertex -84.9468 61.7175 0
    endloop
  endfacet
  facet normal -0.827087 0.562074 0
    outer loop
      vertex -84.9468 61.7175 3
      vertex -88.6544 56.2618 0
      vertex -88.6544 56.2618 3
    endloop
  endfacet
  facet normal -0.278961 0.960302 0
    outer loop
      vertex -26.1124 101.701 0
      vertex -32.4468 99.8609 3
      vertex -26.1124 101.701 3
    endloop
  endfacet
  facet normal -0.278961 0.960302 0
    outer loop
      vertex -32.4468 99.8609 3
      vertex -26.1124 101.701 0
      vertex -32.4468 99.8609 0
    endloop
  endfacet
  facet normal -0.338737 0.940881 0
    outer loop
      vertex -32.4468 99.8609 0
      vertex -38.6531 97.6265 3
      vertex -32.4468 99.8609 3
    endloop
  endfacet
  facet normal -0.338737 0.940881 0
    outer loop
      vertex -38.6531 97.6265 3
      vertex -32.4468 99.8609 0
      vertex -38.6531 97.6265 0
    endloop
  endfacet
  facet normal 0.975914 0.218153 0
    outer loop
      vertex 103.14 19.675 3
      vertex 101.701 26.1124 0
      vertex 101.701 26.1124 3
    endloop
  endfacet
  facet normal 0.975914 0.218153 0
    outer loop
      vertex 101.701 26.1124 0
      vertex 103.14 19.675 3
      vertex 103.14 19.675 0
    endloop
  endfacet
  facet normal -0.562074 0.827087 0
    outer loop
      vertex -56.2618 88.6544 0
      vertex -61.7175 84.9468 3
      vertex -56.2618 88.6544 3
    endloop
  endfacet
  facet normal -0.562074 0.827087 0
    outer loop
      vertex -61.7175 84.9468 3
      vertex -56.2618 88.6544 0
      vertex -61.7175 84.9468 0
    endloop
  endfacet
  facet normal -0.612913 0.790151 0
    outer loop
      vertex -61.7175 84.9468 0
      vertex -66.9295 80.9039 3
      vertex -61.7175 84.9468 3
    endloop
  endfacet
  facet normal -0.612913 0.790151 0
    outer loop
      vertex -66.9295 80.9039 3
      vertex -61.7175 84.9468 0
      vertex -66.9295 80.9039 0
    endloop
  endfacet
  facet normal -0.917753 -0.397152 0
    outer loop
      vertex -95.0068 -44.7068 0
      vertex -97.6265 -38.6531 3
      vertex -97.6265 -38.6531 0
    endloop
  endfacet
  facet normal -0.917753 -0.397152 0
    outer loop
      vertex -97.6265 -38.6531 3
      vertex -95.0068 -44.7068 0
      vertex -95.0068 -44.7068 3
    endloop
  endfacet
  facet normal -0.940881 -0.338737 0
    outer loop
      vertex -97.6265 -38.6531 0
      vertex -99.8609 -32.4468 3
      vertex -99.8609 -32.4468 0
    endloop
  endfacet
  facet normal -0.940881 -0.338737 0
    outer loop
      vertex -99.8609 -32.4468 3
      vertex -97.6265 -38.6531 0
      vertex -97.6265 -38.6531 3
    endloop
  endfacet
  facet normal -0.995559 -0.0941437 0
    outer loop
      vertex -104.172 -13.16 0
      vertex -104.793 -6.593 3
      vertex -104.793 -6.593 0
    endloop
  endfacet
  facet normal -0.995559 -0.0941437 0
    outer loop
      vertex -104.793 -6.593 3
      vertex -104.172 -13.16 0
      vertex -104.172 -13.16 3
    endloop
  endfacet
  facet normal 0.707107 -0.707107 0
    outer loop
      vertex 71.8774 -76.5417 3
      vertex 76.5417 -71.8774 0
      vertex 76.5417 -71.8774 3
    endloop
  endfacet
  facet normal 0.707107 -0.707107 0
    outer loop
      vertex 76.5417 -71.8774 0
      vertex 71.8774 -76.5417 3
      vertex 71.8774 -76.5417 0
    endloop
  endfacet
  facet normal 0.509043 0.860741 -0
    outer loop
      vertex 56.2618 88.6544 0
      vertex 50.5841 92.0122 3
      vertex 56.2618 88.6544 3
    endloop
  endfacet
  facet normal 0.509043 0.860741 0
    outer loop
      vertex 50.5841 92.0122 3
      vertex 56.2618 88.6544 0
      vertex 50.5841 92.0122 0
    endloop
  endfacet
  facet normal -0.940881 0.338737 0
    outer loop
      vertex -99.8609 32.4468 0
      vertex -97.6265 38.6531 3
      vertex -97.6265 38.6531 0
    endloop
  endfacet
  facet normal -0.940881 0.338737 0
    outer loop
      vertex -97.6265 38.6531 3
      vertex -99.8609 32.4468 0
      vertex -99.8609 32.4468 3
    endloop
  endfacet
  facet normal 0.562074 0.827087 -0
    outer loop
      vertex 61.7175 84.9468 0
      vertex 56.2618 88.6544 3
      vertex 61.7175 84.9468 3
    endloop
  endfacet
  facet normal 0.562074 0.827087 0
    outer loop
      vertex 56.2618 88.6544 3
      vertex 61.7175 84.9468 0
      vertex 56.2618 88.6544 0
    endloop
  endfacet
  facet normal -0.397152 0.917753 0
    outer loop
      vertex -38.6531 97.6265 0
      vertex -44.7068 95.0068 3
      vertex -38.6531 97.6265 3
    endloop
  endfacet
  facet normal -0.397152 0.917753 0
    outer loop
      vertex -44.7068 95.0068 3
      vertex -38.6531 97.6265 0
      vertex -44.7068 95.0068 0
    endloop
  endfacet
  facet normal 0.218153 -0.975914 0
    outer loop
      vertex 19.675 -103.14 0
      vertex 26.1124 -101.701 3
      vertex 19.675 -103.14 3
    endloop
  endfacet
  facet normal 0.218153 -0.975914 0
    outer loop
      vertex 26.1124 -101.701 3
      vertex 19.675 -103.14 0
      vertex 26.1124 -101.701 0
    endloop
  endfacet
  facet normal -0.562074 -0.827087 0
    outer loop
      vertex -61.7175 -84.9468 0
      vertex -56.2618 -88.6544 3
      vertex -61.7175 -84.9468 3
    endloop
  endfacet
  facet normal -0.562074 -0.827087 -0
    outer loop
      vertex -56.2618 -88.6544 3
      vertex -61.7175 -84.9468 0
      vertex -56.2618 -88.6544 0
    endloop
  endfacet
  facet normal 0.960302 -0.278961 0
    outer loop
      vertex 99.8609 -32.4468 3
      vertex 101.701 -26.1124 0
      vertex 101.701 -26.1124 3
    endloop
  endfacet
  facet normal 0.960302 -0.278961 0
    outer loop
      vertex 101.701 -26.1124 0
      vertex 99.8609 -32.4468 3
      vertex 99.8609 -32.4468 0
    endloop
  endfacet
  facet normal -0.661315 -0.750108 0
    outer loop
      vertex -71.8774 -76.5417 0
      vertex -66.9295 -80.9039 3
      vertex -71.8774 -76.5417 3
    endloop
  endfacet
  facet normal -0.661315 -0.750108 -0
    outer loop
      vertex -66.9295 -80.9039 3
      vertex -71.8774 -76.5417 0
      vertex -66.9295 -80.9039 0
    endloop
  endfacet
  facet normal -0.960302 -0.278961 0
    outer loop
      vertex -99.8609 -32.4468 0
      vertex -101.701 -26.1124 3
      vertex -101.701 -26.1124 0
    endloop
  endfacet
  facet normal -0.960302 -0.278961 0
    outer loop
      vertex -101.701 -26.1124 3
      vertex -99.8609 -32.4468 0
      vertex -99.8609 -32.4468 3
    endloop
  endfacet
  facet normal 0.0941437 0.995559 -0
    outer loop
      vertex 13.16 104.172 0
      vertex 6.593 104.793 3
      vertex 13.16 104.172 3
    endloop
  endfacet
  facet normal 0.0941437 0.995559 0
    outer loop
      vertex 6.593 104.793 3
      vertex 13.16 104.172 0
      vertex 6.593 104.793 0
    endloop
  endfacet
  facet normal 0.891009 0.453986 0
    outer loop
      vertex 95.0068 44.7068 3
      vertex 92.0122 50.5841 0
      vertex 92.0122 50.5841 3
    endloop
  endfacet
  facet normal 0.891009 0.453986 0
    outer loop
      vertex 92.0122 50.5841 0
      vertex 95.0068 44.7068 3
      vertex 95.0068 44.7068 0
    endloop
  endfacet
  facet normal -0.707107 0.707107 0
    outer loop
      vertex -76.5417 71.8774 0
      vertex -71.8774 76.5417 3
      vertex -71.8774 76.5417 0
    endloop
  endfacet
  facet normal -0.707107 0.707107 0
    outer loop
      vertex -71.8774 76.5417 3
      vertex -76.5417 71.8774 0
      vertex -76.5417 71.8774 3
    endloop
  endfacet
  facet normal 0.917753 0.397152 0
    outer loop
      vertex 97.6265 38.6531 3
      vertex 95.0068 44.7068 0
      vertex 95.0068 44.7068 3
    endloop
  endfacet
  facet normal 0.917753 0.397152 0
    outer loop
      vertex 95.0068 44.7068 0
      vertex 97.6265 38.6531 3
      vertex 97.6265 38.6531 0
    endloop
  endfacet
  facet normal 0.995559 -0.0941437 0
    outer loop
      vertex 104.172 -13.16 3
      vertex 104.793 -6.593 0
      vertex 104.793 -6.593 3
    endloop
  endfacet
  facet normal 0.995559 -0.0941437 0
    outer loop
      vertex 104.793 -6.593 0
      vertex 104.172 -13.16 3
      vertex 104.172 -13.16 0
    endloop
  endfacet
  facet normal -0.278961 -0.960302 0
    outer loop
      vertex -32.4468 -99.8609 0
      vertex -26.1124 -101.701 3
      vertex -32.4468 -99.8609 3
    endloop
  endfacet
  facet normal -0.278961 -0.960302 -0
    outer loop
      vertex -26.1124 -101.701 3
      vertex -32.4468 -99.8609 0
      vertex -26.1124 -101.701 0
    endloop
  endfacet
  facet normal 0.750108 -0.661315 0
    outer loop
      vertex 76.5417 -71.8774 3
      vertex 80.9039 -66.9295 0
      vertex 80.9039 -66.9295 3
    endloop
  endfacet
  facet normal 0.750108 -0.661315 0
    outer loop
      vertex 80.9039 -66.9295 0
      vertex 76.5417 -71.8774 3
      vertex 76.5417 -71.8774 0
    endloop
  endfacet
  facet normal 0.827087 -0.562074 0
    outer loop
      vertex 84.9468 -61.7175 3
      vertex 88.6544 -56.2618 0
      vertex 88.6544 -56.2618 3
    endloop
  endfacet
  facet normal 0.827087 -0.562074 0
    outer loop
      vertex 88.6544 -56.2618 0
      vertex 84.9468 -61.7175 3
      vertex 84.9468 -61.7175 0
    endloop
  endfacet
  facet normal 0.397152 0.917753 -0
    outer loop
      vertex 44.7068 95.0068 0
      vertex 38.6531 97.6265 3
      vertex 44.7068 95.0068 3
    endloop
  endfacet
  facet normal 0.397152 0.917753 0
    outer loop
      vertex 38.6531 97.6265 3
      vertex 44.7068 95.0068 0
      vertex 38.6531 97.6265 0
    endloop
  endfacet
  facet normal -0.156453 -0.987685 0
    outer loop
      vertex -19.675 -103.14 0
      vertex -13.16 -104.172 3
      vertex -19.675 -103.14 3
    endloop
  endfacet
  facet normal -0.156453 -0.987685 -0
    outer loop
      vertex -13.16 -104.172 3
      vertex -19.675 -103.14 0
      vertex -13.16 -104.172 0
    endloop
  endfacet
  facet normal 0.156453 0.987685 -0
    outer loop
      vertex 19.675 103.14 0
      vertex 13.16 104.172 3
      vertex 19.675 103.14 3
    endloop
  endfacet
  facet normal 0.156453 0.987685 0
    outer loop
      vertex 13.16 104.172 3
      vertex 19.675 103.14 0
      vertex 13.16 104.172 0
    endloop
  endfacet
  facet normal 0.891009 -0.453986 0
    outer loop
      vertex 92.0122 -50.5841 3
      vertex 95.0068 -44.7068 0
      vertex 95.0068 -44.7068 3
    endloop
  endfacet
  facet normal 0.891009 -0.453986 0
    outer loop
      vertex 95.0068 -44.7068 0
      vertex 92.0122 -50.5841 3
      vertex 92.0122 -50.5841 0
    endloop
  endfacet
  facet normal -0.612913 -0.790151 0
    outer loop
      vertex -66.9295 -80.9039 0
      vertex -61.7175 -84.9468 3
      vertex -66.9295 -80.9039 3
    endloop
  endfacet
  facet normal -0.612913 -0.790151 -0
    outer loop
      vertex -61.7175 -84.9468 3
      vertex -66.9295 -80.9039 0
      vertex -61.7175 -84.9468 0
    endloop
  endfacet
  facet normal -0.397152 -0.917753 0
    outer loop
      vertex -44.7068 -95.0068 0
      vertex -38.6531 -97.6265 3
      vertex -44.7068 -95.0068 3
    endloop
  endfacet
  facet normal -0.397152 -0.917753 -0
    outer loop
      vertex -38.6531 -97.6265 3
      vertex -44.7068 -95.0068 0
      vertex -38.6531 -97.6265 0
    endloop
  endfacet
  facet normal 0.987685 -0.156453 0
    outer loop
      vertex 103.14 -19.675 3
      vertex 104.172 -13.16 0
      vertex 104.172 -13.16 3
    endloop
  endfacet
  facet normal 0.987685 -0.156453 0
    outer loop
      vertex 104.172 -13.16 0
      vertex 103.14 -19.675 3
      vertex 103.14 -19.675 0
    endloop
  endfacet
  facet normal -0.218153 0.975914 0
    outer loop
      vertex -19.675 103.14 0
      vertex -26.1124 101.701 3
      vertex -19.675 103.14 3
    endloop
  endfacet
  facet normal -0.218153 0.975914 0
    outer loop
      vertex -26.1124 101.701 3
      vertex -19.675 103.14 0
      vertex -26.1124 101.701 0
    endloop
  endfacet
  facet normal -0.995559 0.0941437 0
    outer loop
      vertex -104.793 6.593 0
      vertex -104.172 13.16 3
      vertex -104.172 13.16 0
    endloop
  endfacet
  facet normal -0.995559 0.0941437 0
    outer loop
      vertex -104.172 13.16 3
      vertex -104.793 6.593 0
      vertex -104.793 6.593 3
    endloop
  endfacet
  facet normal 0.612913 0.790151 -0
    outer loop
      vertex 66.9295 80.9039 0
      vertex 61.7175 84.9468 3
      vertex 66.9295 80.9039 3
    endloop
  endfacet
  facet normal 0.612913 0.790151 0
    outer loop
      vertex 61.7175 84.9468 3
      vertex 66.9295 80.9039 0
      vertex 61.7175 84.9468 0
    endloop
  endfacet
  facet normal 0.661315 -0.750108 0
    outer loop
      vertex 66.9295 -80.9039 0
      vertex 71.8774 -76.5417 3
      vertex 66.9295 -80.9039 3
    endloop
  endfacet
  facet normal 0.661315 -0.750108 0
    outer loop
      vertex 71.8774 -76.5417 3
      vertex 66.9295 -80.9039 0
      vertex 71.8774 -76.5417 0
    endloop
  endfacet
  facet normal 0.940881 -0.338737 0
    outer loop
      vertex 97.6265 -38.6531 3
      vertex 99.8609 -32.4468 0
      vertex 99.8609 -32.4468 3
    endloop
  endfacet
  facet normal 0.940881 -0.338737 0
    outer loop
      vertex 99.8609 -32.4468 0
      vertex 97.6265 -38.6531 3
      vertex 97.6265 -38.6531 0
    endloop
  endfacet
  facet normal 0.790151 -0.612913 0
    outer loop
      vertex 80.9039 -66.9295 3
      vertex 84.9468 -61.7175 0
      vertex 84.9468 -61.7175 3
    endloop
  endfacet
  facet normal 0.790151 -0.612913 0
    outer loop
      vertex 84.9468 -61.7175 0
      vertex 80.9039 -66.9295 3
      vertex 80.9039 -66.9295 0
    endloop
  endfacet
  facet normal -0.156453 0.987685 0
    outer loop
      vertex -13.16 104.172 0
      vertex -19.675 103.14 3
      vertex -13.16 104.172 3
    endloop
  endfacet
  facet normal -0.156453 0.987685 0
    outer loop
      vertex -19.675 103.14 3
      vertex -13.16 104.172 0
      vertex -19.675 103.14 0
    endloop
  endfacet
  facet normal 0.453986 -0.891009 0
    outer loop
      vertex 44.7068 -95.0068 0
      vertex 50.5841 -92.0122 3
      vertex 44.7068 -95.0068 3
    endloop
  endfacet
  facet normal 0.453986 -0.891009 0
    outer loop
      vertex 50.5841 -92.0122 3
      vertex 44.7068 -95.0068 0
      vertex 50.5841 -92.0122 0
    endloop
  endfacet
  facet normal -0.750108 0.661315 0
    outer loop
      vertex -80.9039 66.9295 0
      vertex -76.5417 71.8774 3
      vertex -76.5417 71.8774 0
    endloop
  endfacet
  facet normal -0.750108 0.661315 0
    outer loop
      vertex -76.5417 71.8774 3
      vertex -80.9039 66.9295 0
      vertex -80.9039 66.9295 3
    endloop
  endfacet
  facet normal -0.987685 -0.156453 0
    outer loop
      vertex -103.14 -19.675 0
      vertex -104.172 -13.16 3
      vertex -104.172 -13.16 0
    endloop
  endfacet
  facet normal -0.987685 -0.156453 0
    outer loop
      vertex -104.172 -13.16 3
      vertex -103.14 -19.675 0
      vertex -103.14 -19.675 3
    endloop
  endfacet
  facet normal 0 0 1
    outer loop
      vertex 102.5 0 3
      vertex 105 0 3
      vertex 104.793 6.593 3
    endloop
  endfacet
  facet normal 0 0 1
    outer loop
      vertex 102.298 6.43603 3
      vertex 104.793 6.593 3
      vertex 104.172 13.16 3
    endloop
  endfacet
  facet normal 0 0 1
    outer loop
      vertex 105 0 3
      vertex 102.5 0 3
      vertex 104.793 -6.593 3
    endloop
  endfacet
  facet normal 0 0 1
    outer loop
      vertex 101.692 12.8467 3
      vertex 104.172 13.16 3
      vertex 103.14 19.675 3
    endloop
  endfacet
  facet normal -0 0 1
    outer loop
      vertex 102.298 -6.43603 3
      vertex 104.793 -6.593 3
      vertex 102.5 0 3
    endloop
  endfacet
  facet normal 0 0 1
    outer loop
      vertex 104.793 -6.593 3
      vertex 102.298 -6.43603 3
      vertex 104.172 -13.16 3
    endloop
  endfacet
  facet normal 0 0 1
    outer loop
      vertex 104.793 6.593 3
      vertex 102.298 6.43603 3
      vertex 102.5 0 3
    endloop
  endfacet
  facet normal 0 0 1
    outer loop
      vertex 100.684 19.2066 3
      vertex 103.14 19.675 3
      vertex 101.701 26.1124 3
    endloop
  endfacet
  facet normal 0 0 1
    outer loop
      vertex 104.172 13.16 3
      vertex 101.692 12.8467 3
      vertex 102.298 6.43603 3
    endloop
  endfacet
  facet normal 0 0 1
    outer loop
      vertex 103.14 19.675 3
      vertex 100.684 19.2066 3
      vertex 101.692 12.8467 3
    endloop
  endfacet
  facet normal 0 0 1
    outer loop
      vertex 99.2798 25.4907 3
      vertex 101.701 26.1124 3
      vertex 99.8609 32.4468 3
    endloop
  endfacet
  facet normal 0 0 1
    outer loop
      vertex 101.701 26.1124 3
      vertex 99.2798 25.4907 3
      vertex 100.684 19.2066 3
    endloop
  endfacet
  facet normal 0 0 1
    outer loop
      vertex 97.4833 31.6742 3
      vertex 99.8609 32.4468 3
      vertex 97.6265 38.6531 3
    endloop
  endfacet
  facet normal 0 0 1
    outer loop
      vertex 99.8609 32.4468 3
      vertex 97.4833 31.6742 3
      vertex 99.2798 25.4907 3
    endloop
  endfacet
  facet normal 0 0 1
    outer loop
      vertex 97.6265 38.6531 3
      vertex 95.3021 37.7328 3
      vertex 97.4833 31.6742 3
    endloop
  endfacet
  facet normal 0 0 1
    outer loop
      vertex 95.0068 44.7068 3
      vertex 95.3021 37.7328 3
      vertex 97.6265 38.6531 3
    endloop
  endfacet
  facet normal 0 0 1
    outer loop
      vertex 95.0068 44.7068 3
      vertex 92.7448 43.6424 3
      vertex 95.3021 37.7328 3
    endloop
  endfacet
  facet normal 0 0 1
    outer loop
      vertex 92.0122 50.5841 3
      vertex 92.7448 43.6424 3
      vertex 95.0068 44.7068 3
    endloop
  endfacet
  facet normal 0 0 1
    outer loop
      vertex 92.0122 50.5841 3
      vertex 89.8214 49.3798 3
      vertex 92.7448 43.6424 3
    endloop
  endfacet
  facet normal 0 0 1
    outer loop
      vertex 88.6544 56.2618 3
      vertex 89.8214 49.3798 3
      vertex 92.0122 50.5841 3
    endloop
  endfacet
  facet normal 0 0 1
    outer loop
      vertex 88.6544 56.2618 3
      vertex 86.5436 54.9222 3
      vertex 89.8214 49.3798 3
    endloop
  endfacet
  facet normal 0 0 1
    outer loop
      vertex 84.9468 61.7175 3
      vertex 86.5436 54.9222 3
      vertex 88.6544 56.2618 3
    endloop
  endfacet
  facet normal 0 0 1
    outer loop
      vertex 84.9468 61.7175 3
      vertex 82.9242 60.248 3
      vertex 86.5436 54.9222 3
    endloop
  endfacet
  facet normal 0 0 1
    outer loop
      vertex 80.9039 66.9295 3
      vertex 82.9242 60.248 3
      vertex 84.9468 61.7175 3
    endloop
  endfacet
  facet normal 0 0 1
    outer loop
      vertex 80.9039 66.9295 3
      vertex 78.9776 65.336 3
      vertex 82.9242 60.248 3
    endloop
  endfacet
  facet normal 0 0 1
    outer loop
      vertex 76.5417 71.8774 3
      vertex 78.9776 65.336 3
      vertex 80.9039 66.9295 3
    endloop
  endfacet
  facet normal 0 0 1
    outer loop
      vertex 76.5417 71.8774 3
      vertex 74.7193 70.1661 3
      vertex 78.9776 65.336 3
    endloop
  endfacet
  facet normal 0 0 1
    outer loop
      vertex 71.8774 76.5417 3
      vertex 74.7193 70.1661 3
      vertex 76.5417 71.8774 3
    endloop
  endfacet
  facet normal 0 0 1
    outer loop
      vertex 71.8774 76.5417 3
      vertex 70.1661 74.7193 3
      vertex 74.7193 70.1661 3
    endloop
  endfacet
  facet normal 0 0 1
    outer loop
      vertex 66.9295 80.9039 3
      vertex 70.1661 74.7193 3
      vertex 71.8774 76.5417 3
    endloop
  endfacet
  facet normal 0 0 1
    outer loop
      vertex 66.9295 80.9039 3
      vertex 65.336 78.9776 3
      vertex 70.1661 74.7193 3
    endloop
  endfacet
  facet normal 0 0 1
    outer loop
      vertex 61.7175 84.9468 3
      vertex 65.336 78.9776 3
      vertex 66.9295 80.9039 3
    endloop
  endfacet
  facet normal 0 0 1
    outer loop
      vertex 61.7175 84.9468 3
      vertex 60.248 82.9242 3
      vertex 65.336 78.9776 3
    endloop
  endfacet
  facet normal 0 0 1
    outer loop
      vertex 56.2618 88.6544 3
      vertex 60.248 82.9242 3
      vertex 61.7175 84.9468 3
    endloop
  endfacet
  facet normal 0 0 1
    outer loop
      vertex 56.2618 88.6544 3
      vertex 54.9222 86.5436 3
      vertex 60.248 82.9242 3
    endloop
  endfacet
  facet normal 0 0 1
    outer loop
      vertex 50.5841 92.0122 3
      vertex 54.9222 86.5436 3
      vertex 56.2618 88.6544 3
    endloop
  endfacet
  facet normal 0 0 1
    outer loop
      vertex 50.5841 92.0122 3
      vertex 49.3798 89.8214 3
      vertex 54.9222 86.5436 3
    endloop
  endfacet
  facet normal 0 0 1
    outer loop
      vertex 44.7068 95.0068 3
      vertex 49.3798 89.8214 3
      vertex 50.5841 92.0122 3
    endloop
  endfacet
  facet normal 0 0 1
    outer loop
      vertex 44.7068 95.0068 3
      vertex 43.6424 92.7448 3
      vertex 49.3798 89.8214 3
    endloop
  endfacet
  facet normal 0 0 1
    outer loop
      vertex 38.6531 97.6265 3
      vertex 43.6424 92.7448 3
      vertex 44.7068 95.0068 3
    endloop
  endfacet
  facet normal 0 0 1
    outer loop
      vertex 38.6531 97.6265 3
      vertex 37.7328 95.3021 3
      vertex 43.6424 92.7448 3
    endloop
  endfacet
  facet normal 0 0 1
    outer loop
      vertex 32.4468 99.8609 3
      vertex 37.7328 95.3021 3
      vertex 38.6531 97.6265 3
    endloop
  endfacet
  facet normal 0 0 1
    outer loop
      vertex 32.4468 99.8609 3
      vertex 31.6742 97.4833 3
      vertex 37.7328 95.3021 3
    endloop
  endfacet
  facet normal 0 0 1
    outer loop
      vertex 26.1124 101.701 3
      vertex 31.6742 97.4833 3
      vertex 32.4468 99.8609 3
    endloop
  endfacet
  facet normal 0 0 1
    outer loop
      vertex 26.1124 101.701 3
      vertex 25.4907 99.2798 3
      vertex 31.6742 97.4833 3
    endloop
  endfacet
  facet normal 0 0 1
    outer loop
      vertex 19.675 103.14 3
      vertex 25.4907 99.2798 3
      vertex 26.1124 101.701 3
    endloop
  endfacet
  facet normal 0 0 1
    outer loop
      vertex 19.675 103.14 3
      vertex 19.2066 100.684 3
      vertex 25.4907 99.2798 3
    endloop
  endfacet
  facet normal 0 0 1
    outer loop
      vertex 13.16 104.172 3
      vertex 19.2066 100.684 3
      vertex 19.675 103.14 3
    endloop
  endfacet
  facet normal 0 0 1
    outer loop
      vertex 13.16 104.172 3
      vertex 12.8467 101.692 3
      vertex 19.2066 100.684 3
    endloop
  endfacet
  facet normal 0 0 1
    outer loop
      vertex 6.593 104.793 3
      vertex 12.8467 101.692 3
      vertex 13.16 104.172 3
    endloop
  endfacet
  facet normal 0 0 1
    outer loop
      vertex 6.593 104.793 3
      vertex 6.43603 102.298 3
      vertex 12.8467 101.692 3
    endloop
  endfacet
  facet normal 0 0 1
    outer loop
      vertex 0 105 3
      vertex 6.43603 102.298 3
      vertex 6.593 104.793 3
    endloop
  endfacet
  facet normal 0 0 1
    outer loop
      vertex 0 105 3
      vertex 0 102.5 3
      vertex 6.43603 102.298 3
    endloop
  endfacet
  facet normal 0 0 1
    outer loop
      vertex 0 105 3
      vertex -6.43603 102.298 3
      vertex 0 102.5 3
    endloop
  endfacet
  facet normal -0 0 1
    outer loop
      vertex -6.593 104.793 3
      vertex -6.43603 102.298 3
      vertex 0 105 3
    endloop
  endfacet
  facet normal 0 0 1
    outer loop
      vertex -6.593 104.793 3
      vertex -12.8467 101.692 3
      vertex -6.43603 102.298 3
    endloop
  endfacet
  facet normal -0 0 1
    outer loop
      vertex -13.16 104.172 3
      vertex -12.8467 101.692 3
      vertex -6.593 104.793 3
    endloop
  endfacet
  facet normal 0 0 1
    outer loop
      vertex -13.16 104.172 3
      vertex -19.2066 100.684 3
      vertex -12.8467 101.692 3
    endloop
  endfacet
  facet normal -0 0 1
    outer loop
      vertex -19.675 103.14 3
      vertex -19.2066 100.684 3
      vertex -13.16 104.172 3
    endloop
  endfacet
  facet normal 0 0 1
    outer loop
      vertex -19.675 103.14 3
      vertex -25.4907 99.2798 3
      vertex -19.2066 100.684 3
    endloop
  endfacet
  facet normal -0 0 1
    outer loop
      vertex -26.1124 101.701 3
      vertex -25.4907 99.2798 3
      vertex -19.675 103.14 3
    endloop
  endfacet
  facet normal 0 0 1
    outer loop
      vertex -26.1124 101.701 3
      vertex -31.6742 97.4833 3
      vertex -25.4907 99.2798 3
    endloop
  endfacet
  facet normal -0 0 1
    outer loop
      vertex -32.4468 99.8609 3
      vertex -31.6742 97.4833 3
      vertex -26.1124 101.701 3
    endloop
  endfacet
  facet normal 0 0 1
    outer loop
      vertex -32.4468 99.8609 3
      vertex -37.7328 95.3021 3
      vertex -31.6742 97.4833 3
    endloop
  endfacet
  facet normal -0 0 1
    outer loop
      vertex -38.6531 97.6265 3
      vertex -37.7328 95.3021 3
      vertex -32.4468 99.8609 3
    endloop
  endfacet
  facet normal 0 0 1
    outer loop
      vertex -38.6531 97.6265 3
      vertex -43.6424 92.7448 3
      vertex -37.7328 95.3021 3
    endloop
  endfacet
  facet normal -0 0 1
    outer loop
      vertex -44.7068 95.0068 3
      vertex -43.6424 92.7448 3
      vertex -38.6531 97.6265 3
    endloop
  endfacet
  facet normal 0 0 1
    outer loop
      vertex -44.7068 95.0068 3
      vertex -49.3798 89.8214 3
      vertex -43.6424 92.7448 3
    endloop
  endfacet
  facet normal -0 0 1
    outer loop
      vertex -50.5841 92.0122 3
      vertex -49.3798 89.8214 3
      vertex -44.7068 95.0068 3
    endloop
  endfacet
  facet normal 0 0 1
    outer loop
      vertex -50.5841 92.0122 3
      vertex -54.9222 86.5436 3
      vertex -49.3798 89.8214 3
    endloop
  endfacet
  facet normal -0 0 1
    outer loop
      vertex -56.2618 88.6544 3
      vertex -54.9222 86.5436 3
      vertex -50.5841 92.0122 3
    endloop
  endfacet
  facet normal 0 0 1
    outer loop
      vertex -56.2618 88.6544 3
      vertex -60.248 82.9242 3
      vertex -54.9222 86.5436 3
    endloop
  endfacet
  facet normal -0 0 1
    outer loop
      vertex -61.7175 84.9468 3
      vertex -60.248 82.9242 3
      vertex -56.2618 88.6544 3
    endloop
  endfacet
  facet normal 0 0 1
    outer loop
      vertex -61.7175 84.9468 3
      vertex -65.336 78.9776 3
      vertex -60.248 82.9242 3
    endloop
  endfacet
  facet normal -0 0 1
    outer loop
      vertex -66.9295 80.9039 3
      vertex -65.336 78.9776 3
      vertex -61.7175 84.9468 3
    endloop
  endfacet
  facet normal 0 0 1
    outer loop
      vertex -66.9295 80.9039 3
      vertex -70.1661 74.7193 3
      vertex -65.336 78.9776 3
    endloop
  endfacet
  facet normal -0 0 1
    outer loop
      vertex -71.8774 76.5417 3
      vertex -70.1661 74.7193 3
      vertex -66.9295 80.9039 3
    endloop
  endfacet
  facet normal 0 0 1
    outer loop
      vertex -71.8774 76.5417 3
      vertex -74.7193 70.1661 3
      vertex -70.1661 74.7193 3
    endloop
  endfacet
  facet normal -0 0 1
    outer loop
      vertex -76.5417 71.8774 3
      vertex -74.7193 70.1661 3
      vertex -71.8774 76.5417 3
    endloop
  endfacet
  facet normal 0 0 1
    outer loop
      vertex -76.5417 71.8774 3
      vertex -78.9776 65.336 3
      vertex -74.7193 70.1661 3
    endloop
  endfacet
  facet normal -0 0 1
    outer loop
      vertex -80.9039 66.9295 3
      vertex -78.9776 65.336 3
      vertex -76.5417 71.8774 3
    endloop
  endfacet
  facet normal 0 0 1
    outer loop
      vertex -80.9039 66.9295 3
      vertex -82.9242 60.248 3
      vertex -78.9776 65.336 3
    endloop
  endfacet
  facet normal -0 0 1
    outer loop
      vertex -84.9468 61.7175 3
      vertex -82.9242 60.248 3
      vertex -80.9039 66.9295 3
    endloop
  endfacet
  facet normal 0 0 1
    outer loop
      vertex -84.9468 61.7175 3
      vertex -86.5436 54.9222 3
      vertex -82.9242 60.248 3
    endloop
  endfacet
  facet normal -0 0 1
    outer loop
      vertex -88.6544 56.2618 3
      vertex -86.5436 54.9222 3
      vertex -84.9468 61.7175 3
    endloop
  endfacet
  facet normal 0 0 1
    outer loop
      vertex -88.6544 56.2618 3
      vertex -89.8214 49.3798 3
      vertex -86.5436 54.9222 3
    endloop
  endfacet
  facet normal -0 0 1
    outer loop
      vertex -92.0122 50.5841 3
      vertex -89.8214 49.3798 3
      vertex -88.6544 56.2618 3
    endloop
  endfacet
  facet normal 0 0 1
    outer loop
      vertex -92.0122 50.5841 3
      vertex -92.7448 43.6424 3
      vertex -89.8214 49.3798 3
    endloop
  endfacet
  facet normal -0 0 1
    outer loop
      vertex -95.0068 44.7068 3
      vertex -92.7448 43.6424 3
      vertex -92.0122 50.5841 3
    endloop
  endfacet
  facet normal 0 0 1
    outer loop
      vertex -95.0068 44.7068 3
      vertex -95.3021 37.7328 3
      vertex -92.7448 43.6424 3
    endloop
  endfacet
  facet normal -0 0 1
    outer loop
      vertex -97.6265 38.6531 3
      vertex -95.3021 37.7328 3
      vertex -95.0068 44.7068 3
    endloop
  endfacet
  facet normal 0 0 1
    outer loop
      vertex -95.3021 37.7328 3
      vertex -97.6265 38.6531 3
      vertex -97.4833 31.6742 3
    endloop
  endfacet
  facet normal -0 0 1
    outer loop
      vertex -99.8609 32.4468 3
      vertex -97.4833 31.6742 3
      vertex -97.6265 38.6531 3
    endloop
  endfacet
  facet normal 0 0 1
    outer loop
      vertex -97.4833 31.6742 3
      vertex -99.8609 32.4468 3
      vertex -99.2798 25.4907 3
    endloop
  endfacet
  facet normal -0 0 1
    outer loop
      vertex -101.701 26.1124 3
      vertex -99.2798 25.4907 3
      vertex -99.8609 32.4468 3
    endloop
  endfacet
  facet normal 0 0 1
    outer loop
      vertex -99.2798 25.4907 3
      vertex -101.701 26.1124 3
      vertex -100.684 19.2066 3
    endloop
  endfacet
  facet normal -0 0 1
    outer loop
      vertex -103.14 19.675 3
      vertex -100.684 19.2066 3
      vertex -101.701 26.1124 3
    endloop
  endfacet
  facet normal 0 0 1
    outer loop
      vertex -100.684 19.2066 3
      vertex -103.14 19.675 3
      vertex -101.692 12.8467 3
    endloop
  endfacet
  facet normal -0 0 1
    outer loop
      vertex -104.172 13.16 3
      vertex -101.692 12.8467 3
      vertex -103.14 19.675 3
    endloop
  endfacet
  facet normal 0 0 1
    outer loop
      vertex -101.692 12.8467 3
      vertex -104.172 13.16 3
      vertex -102.298 6.43603 3
    endloop
  endfacet
  facet normal -0 0 1
    outer loop
      vertex 101.692 -12.8467 3
      vertex 104.172 -13.16 3
      vertex 102.298 -6.43603 3
    endloop
  endfacet
  facet normal 0 0 1
    outer loop
      vertex 104.172 -13.16 3
      vertex 101.692 -12.8467 3
      vertex 103.14 -19.675 3
    endloop
  endfacet
  facet normal -0 0 1
    outer loop
      vertex 100.684 -19.2066 3
      vertex 103.14 -19.675 3
      vertex 101.692 -12.8467 3
    endloop
  endfacet
  facet normal 0 0 1
    outer loop
      vertex 103.14 -19.675 3
      vertex 100.684 -19.2066 3
      vertex 101.701 -26.1124 3
    endloop
  endfacet
  facet normal -0 0 1
    outer loop
      vertex 99.2798 -25.4907 3
      vertex 101.701 -26.1124 3
      vertex 100.684 -19.2066 3
    endloop
  endfacet
  facet normal 0 0 1
    outer loop
      vertex 101.701 -26.1124 3
      vertex 99.2798 -25.4907 3
      vertex 99.8609 -32.4468 3
    endloop
  endfacet
  facet normal -0 0 1
    outer loop
      vertex 97.4833 -31.6742 3
      vertex 99.8609 -32.4468 3
      vertex 99.2798 -25.4907 3
    endloop
  endfacet
  facet normal 0 0 1
    outer loop
      vertex 99.8609 -32.4468 3
      vertex 97.4833 -31.6742 3
      vertex 97.6265 -38.6531 3
    endloop
  endfacet
  facet normal -0 0 1
    outer loop
      vertex 95.3021 -37.7328 3
      vertex 97.6265 -38.6531 3
      vertex 97.4833 -31.6742 3
    endloop
  endfacet
  facet normal 0 0 1
    outer loop
      vertex 95.3021 -37.7328 3
      vertex 95.0068 -44.7068 3
      vertex 97.6265 -38.6531 3
    endloop
  endfacet
  facet normal -0 0 1
    outer loop
      vertex 92.7448 -43.6424 3
      vertex 95.0068 -44.7068 3
      vertex 95.3021 -37.7328 3
    endloop
  endfacet
  facet normal 0 0 1
    outer loop
      vertex 92.7448 -43.6424 3
      vertex 92.0122 -50.5841 3
      vertex 95.0068 -44.7068 3
    endloop
  endfacet
  facet normal -0 0 1
    outer loop
      vertex 89.8214 -49.3798 3
      vertex 92.0122 -50.5841 3
      vertex 92.7448 -43.6424 3
    endloop
  endfacet
  facet normal 0 0 1
    outer loop
      vertex 89.8214 -49.3798 3
      vertex 88.6544 -56.2618 3
      vertex 92.0122 -50.5841 3
    endloop
  endfacet
  facet normal -0 0 1
    outer loop
      vertex 86.5436 -54.9222 3
      vertex 88.6544 -56.2618 3
      vertex 89.8214 -49.3798 3
    endloop
  endfacet
  facet normal 0 0 1
    outer loop
      vertex 86.5436 -54.9222 3
      vertex 84.9468 -61.7175 3
      vertex 88.6544 -56.2618 3
    endloop
  endfacet
  facet normal -0 0 1
    outer loop
      vertex 82.9242 -60.248 3
      vertex 84.9468 -61.7175 3
      vertex 86.5436 -54.9222 3
    endloop
  endfacet
  facet normal 0 0 1
    outer loop
      vertex 82.9242 -60.248 3
      vertex 80.9039 -66.9295 3
      vertex 84.9468 -61.7175 3
    endloop
  endfacet
  facet normal -0 0 1
    outer loop
      vertex 78.9776 -65.336 3
      vertex 80.9039 -66.9295 3
      vertex 82.9242 -60.248 3
    endloop
  endfacet
  facet normal 0 0 1
    outer loop
      vertex 78.9776 -65.336 3
      vertex 76.5417 -71.8774 3
      vertex 80.9039 -66.9295 3
    endloop
  endfacet
  facet normal -0 0 1
    outer loop
      vertex 74.7193 -70.1661 3
      vertex 76.5417 -71.8774 3
      vertex 78.9776 -65.336 3
    endloop
  endfacet
  facet normal 0 0 1
    outer loop
      vertex 74.7193 -70.1661 3
      vertex 71.8774 -76.5417 3
      vertex 76.5417 -71.8774 3
    endloop
  endfacet
  facet normal -0 0 1
    outer loop
      vertex 70.1661 -74.7193 3
      vertex 71.8774 -76.5417 3
      vertex 74.7193 -70.1661 3
    endloop
  endfacet
  facet normal 0 0 1
    outer loop
      vertex 70.1661 -74.7193 3
      vertex 66.9295 -80.9039 3
      vertex 71.8774 -76.5417 3
    endloop
  endfacet
  facet normal -0 0 1
    outer loop
      vertex 65.336 -78.9776 3
      vertex 66.9295 -80.9039 3
      vertex 70.1661 -74.7193 3
    endloop
  endfacet
  facet normal 0 0 1
    outer loop
      vertex 65.336 -78.9776 3
      vertex 61.7175 -84.9468 3
      vertex 66.9295 -80.9039 3
    endloop
  endfacet
  facet normal -0 0 1
    outer loop
      vertex 60.248 -82.9242 3
      vertex 61.7175 -84.9468 3
      vertex 65.336 -78.9776 3
    endloop
  endfacet
  facet normal 0 0 1
    outer loop
      vertex 60.248 -82.9242 3
      vertex 56.2618 -88.6544 3
      vertex 61.7175 -84.9468 3
    endloop
  endfacet
  facet normal -0 0 1
    outer loop
      vertex 54.9222 -86.5436 3
      vertex 56.2618 -88.6544 3
      vertex 60.248 -82.9242 3
    endloop
  endfacet
  facet normal 0 0 1
    outer loop
      vertex 54.9222 -86.5436 3
      vertex 50.5841 -92.0122 3
      vertex 56.2618 -88.6544 3
    endloop
  endfacet
  facet normal -0 0 1
    outer loop
      vertex 49.3798 -89.8214 3
      vertex 50.5841 -92.0122 3
      vertex 54.9222 -86.5436 3
    endloop
  endfacet
  facet normal 0 0 1
    outer loop
      vertex 49.3798 -89.8214 3
      vertex 44.7068 -95.0068 3
      vertex 50.5841 -92.0122 3
    endloop
  endfacet
  facet normal -0 0 1
    outer loop
      vertex 43.6424 -92.7448 3
      vertex 44.7068 -95.0068 3
      vertex 49.3798 -89.8214 3
    endloop
  endfacet
  facet normal 0 0 1
    outer loop
      vertex 43.6424 -92.7448 3
      vertex 38.6531 -97.6265 3
      vertex 44.7068 -95.0068 3
    endloop
  endfacet
  facet normal -0 0 1
    outer loop
      vertex 37.7328 -95.3021 3
      vertex 38.6531 -97.6265 3
      vertex 43.6424 -92.7448 3
    endloop
  endfacet
  facet normal 0 0 1
    outer loop
      vertex 37.7328 -95.3021 3
      vertex 32.4468 -99.8609 3
      vertex 38.6531 -97.6265 3
    endloop
  endfacet
  facet normal -0 0 1
    outer loop
      vertex 31.6742 -97.4833 3
      vertex 32.4468 -99.8609 3
      vertex 37.7328 -95.3021 3
    endloop
  endfacet
  facet normal 0 0 1
    outer loop
      vertex 31.6742 -97.4833 3
      vertex 26.1124 -101.701 3
      vertex 32.4468 -99.8609 3
    endloop
  endfacet
  facet normal -0 0 1
    outer loop
      vertex 25.4907 -99.2798 3
      vertex 26.1124 -101.701 3
      vertex 31.6742 -97.4833 3
    endloop
  endfacet
  facet normal 0 0 1
    outer loop
      vertex 25.4907 -99.2798 3
      vertex 19.675 -103.14 3
      vertex 26.1124 -101.701 3
    endloop
  endfacet
  facet normal -0 0 1
    outer loop
      vertex 19.2066 -100.684 3
      vertex 19.675 -103.14 3
      vertex 25.4907 -99.2798 3
    endloop
  endfacet
  facet normal 0 0 1
    outer loop
      vertex 19.2066 -100.684 3
      vertex 13.16 -104.172 3
      vertex 19.675 -103.14 3
    endloop
  endfacet
  facet normal -0 0 1
    outer loop
      vertex 12.8467 -101.692 3
      vertex 13.16 -104.172 3
      vertex 19.2066 -100.684 3
    endloop
  endfacet
  facet normal 0 0 1
    outer loop
      vertex 12.8467 -101.692 3
      vertex 6.593 -104.793 3
      vertex 13.16 -104.172 3
    endloop
  endfacet
  facet normal -0 0 1
    outer loop
      vertex 6.43603 -102.298 3
      vertex 6.593 -104.793 3
      vertex 12.8467 -101.692 3
    endloop
  endfacet
  facet normal -0 0 1
    outer loop
      vertex 0 -102.5 3
      vertex 6.593 -104.793 3
      vertex 6.43603 -102.298 3
    endloop
  endfacet
  facet normal 0 0 1
    outer loop
      vertex 0 -102.5 3
      vertex 0 -105 3
      vertex 6.593 -104.793 3
    endloop
  endfacet
  facet normal 0 0 1
    outer loop
      vertex -6.43603 -102.298 3
      vertex 0 -105 3
      vertex 0 -102.5 3
    endloop
  endfacet
  facet normal 0 0 1
    outer loop
      vertex -6.43603 -102.298 3
      vertex -6.593 -104.793 3
      vertex 0 -105 3
    endloop
  endfacet
  facet normal 0 0 1
    outer loop
      vertex -12.8467 -101.692 3
      vertex -6.593 -104.793 3
      vertex -6.43603 -102.298 3
    endloop
  endfacet
  facet normal 0 0 1
    outer loop
      vertex -12.8467 -101.692 3
      vertex -13.16 -104.172 3
      vertex -6.593 -104.793 3
    endloop
  endfacet
  facet normal 0 0 1
    outer loop
      vertex -19.2066 -100.684 3
      vertex -13.16 -104.172 3
      vertex -12.8467 -101.692 3
    endloop
  endfacet
  facet normal 0 0 1
    outer loop
      vertex -19.2066 -100.684 3
      vertex -19.675 -103.14 3
      vertex -13.16 -104.172 3
    endloop
  endfacet
  facet normal 0 0 1
    outer loop
      vertex -25.4907 -99.2798 3
      vertex -19.675 -103.14 3
      vertex -19.2066 -100.684 3
    endloop
  endfacet
  facet normal 0 0 1
    outer loop
      vertex -25.4907 -99.2798 3
      vertex -26.1124 -101.701 3
      vertex -19.675 -103.14 3
    endloop
  endfacet
  facet normal 0 0 1
    outer loop
      vertex -31.6742 -97.4833 3
      vertex -26.1124 -101.701 3
      vertex -25.4907 -99.2798 3
    endloop
  endfacet
  facet normal 0 0 1
    outer loop
      vertex -31.6742 -97.4833 3
      vertex -32.4468 -99.8609 3
      vertex -26.1124 -101.701 3
    endloop
  endfacet
  facet normal 0 0 1
    outer loop
      vertex -37.7328 -95.3021 3
      vertex -32.4468 -99.8609 3
      vertex -31.6742 -97.4833 3
    endloop
  endfacet
  facet normal 0 0 1
    outer loop
      vertex -37.7328 -95.3021 3
      vertex -38.6531 -97.6265 3
      vertex -32.4468 -99.8609 3
    endloop
  endfacet
  facet normal 0 0 1
    outer loop
      vertex -43.6424 -92.7448 3
      vertex -38.6531 -97.6265 3
      vertex -37.7328 -95.3021 3
    endloop
  endfacet
  facet normal 0 0 1
    outer loop
      vertex -43.6424 -92.7448 3
      vertex -44.7068 -95.0068 3
      vertex -38.6531 -97.6265 3
    endloop
  endfacet
  facet normal 0 0 1
    outer loop
      vertex -49.3798 -89.8214 3
      vertex -44.7068 -95.0068 3
      vertex -43.6424 -92.7448 3
    endloop
  endfacet
  facet normal 0 0 1
    outer loop
      vertex -49.3798 -89.8214 3
      vertex -50.5841 -92.0122 3
      vertex -44.7068 -95.0068 3
    endloop
  endfacet
  facet normal 0 0 1
    outer loop
      vertex -54.9222 -86.5436 3
      vertex -50.5841 -92.0122 3
      vertex -49.3798 -89.8214 3
    endloop
  endfacet
  facet normal 0 0 1
    outer loop
      vertex -54.9222 -86.5436 3
      vertex -56.2618 -88.6544 3
      vertex -50.5841 -92.0122 3
    endloop
  endfacet
  facet normal 0 0 1
    outer loop
      vertex -60.248 -82.9242 3
      vertex -56.2618 -88.6544 3
      vertex -54.9222 -86.5436 3
    endloop
  endfacet
  facet normal 0 0 1
    outer loop
      vertex -60.248 -82.9242 3
      vertex -61.7175 -84.9468 3
      vertex -56.2618 -88.6544 3
    endloop
  endfacet
  facet normal 0 0 1
    outer loop
      vertex -65.336 -78.9776 3
      vertex -61.7175 -84.9468 3
      vertex -60.248 -82.9242 3
    endloop
  endfacet
  facet normal 0 0 1
    outer loop
      vertex -65.336 -78.9776 3
      vertex -66.9295 -80.9039 3
      vertex -61.7175 -84.9468 3
    endloop
  endfacet
  facet normal 0 0 1
    outer loop
      vertex -70.1661 -74.7193 3
      vertex -66.9295 -80.9039 3
      vertex -65.336 -78.9776 3
    endloop
  endfacet
  facet normal 0 0 1
    outer loop
      vertex -70.1661 -74.7193 3
      vertex -71.8774 -76.5417 3
      vertex -66.9295 -80.9039 3
    endloop
  endfacet
  facet normal 0 0 1
    outer loop
      vertex -74.7193 -70.1661 3
      vertex -71.8774 -76.5417 3
      vertex -70.1661 -74.7193 3
    endloop
  endfacet
  facet normal 0 0 1
    outer loop
      vertex -74.7193 -70.1661 3
      vertex -76.5417 -71.8774 3
      vertex -71.8774 -76.5417 3
    endloop
  endfacet
  facet normal 0 0 1
    outer loop
      vertex -78.9776 -65.336 3
      vertex -76.5417 -71.8774 3
      vertex -74.7193 -70.1661 3
    endloop
  endfacet
  facet normal 0 0 1
    outer loop
      vertex -78.9776 -65.336 3
      vertex -80.9039 -66.9295 3
      vertex -76.5417 -71.8774 3
    endloop
  endfacet
  facet normal 0 0 1
    outer loop
      vertex -82.9242 -60.248 3
      vertex -80.9039 -66.9295 3
      vertex -78.9776 -65.336 3
    endloop
  endfacet
  facet normal 0 0 1
    outer loop
      vertex -82.9242 -60.248 3
      vertex -84.9468 -61.7175 3
      vertex -80.9039 -66.9295 3
    endloop
  endfacet
  facet normal 0 0 1
    outer loop
      vertex -86.5436 -54.9222 3
      vertex -84.9468 -61.7175 3
      vertex -82.9242 -60.248 3
    endloop
  endfacet
  facet normal 0 0 1
    outer loop
      vertex -86.5436 -54.9222 3
      vertex -88.6544 -56.2618 3
      vertex -84.9468 -61.7175 3
    endloop
  endfacet
  facet normal 0 0 1
    outer loop
      vertex -89.8214 -49.3798 3
      vertex -88.6544 -56.2618 3
      vertex -86.5436 -54.9222 3
    endloop
  endfacet
  facet normal 0 0 1
    outer loop
      vertex -89.8214 -49.3798 3
      vertex -92.0122 -50.5841 3
      vertex -88.6544 -56.2618 3
    endloop
  endfacet
  facet normal 0 0 1
    outer loop
      vertex -92.7448 -43.6424 3
      vertex -92.0122 -50.5841 3
      vertex -89.8214 -49.3798 3
    endloop
  endfacet
  facet normal 0 0 1
    outer loop
      vertex -92.7448 -43.6424 3
      vertex -95.0068 -44.7068 3
      vertex -92.0122 -50.5841 3
    endloop
  endfacet
  facet normal 0 0 1
    outer loop
      vertex -95.3021 -37.7328 3
      vertex -95.0068 -44.7068 3
      vertex -92.7448 -43.6424 3
    endloop
  endfacet
  facet normal 0 0 1
    outer loop
      vertex -97.6265 -38.6531 3
      vertex -95.3021 -37.7328 3
      vertex -97.4833 -31.6742 3
    endloop
  endfacet
  facet normal 0 0 1
    outer loop
      vertex -95.3021 -37.7328 3
      vertex -97.6265 -38.6531 3
      vertex -95.0068 -44.7068 3
    endloop
  endfacet
  facet normal 0 0 1
    outer loop
      vertex -99.8609 -32.4468 3
      vertex -97.4833 -31.6742 3
      vertex -99.2798 -25.4907 3
    endloop
  endfacet
  facet normal 0 0 1
    outer loop
      vertex -97.4833 -31.6742 3
      vertex -99.8609 -32.4468 3
      vertex -97.6265 -38.6531 3
    endloop
  endfacet
  facet normal 0 0 1
    outer loop
      vertex -101.701 -26.1124 3
      vertex -99.2798 -25.4907 3
      vertex -100.684 -19.2066 3
    endloop
  endfacet
  facet normal 0 0 1
    outer loop
      vertex -103.14 -19.675 3
      vertex -100.684 -19.2066 3
      vertex -101.692 -12.8467 3
    endloop
  endfacet
  facet normal 0 0 1
    outer loop
      vertex -99.2798 -25.4907 3
      vertex -101.701 -26.1124 3
      vertex -99.8609 -32.4468 3
    endloop
  endfacet
  facet normal 0 0 1
    outer loop
      vertex -104.172 -13.16 3
      vertex -101.692 -12.8467 3
      vertex -102.298 -6.43603 3
    endloop
  endfacet
  facet normal 0 0 1
    outer loop
      vertex -104.793 -6.593 3
      vertex -102.298 -6.43603 3
      vertex -102.5 0 3
    endloop
  endfacet
  facet normal -0 0 1
    outer loop
      vertex -104.793 6.593 3
      vertex -102.298 6.43603 3
      vertex -104.172 13.16 3
    endloop
  endfacet
  facet normal 0 0 1
    outer loop
      vertex -100.684 -19.2066 3
      vertex -103.14 -19.675 3
      vertex -101.701 -26.1124 3
    endloop
  endfacet
  facet normal 0 0 1
    outer loop
      vertex -102.298 6.43603 3
      vertex -104.793 6.593 3
      vertex -102.5 0 3
    endloop
  endfacet
  facet normal 0 0 1
    outer loop
      vertex -101.692 -12.8467 3
      vertex -104.172 -13.16 3
      vertex -103.14 -19.675 3
    endloop
  endfacet
  facet normal 0 0 1
    outer loop
      vertex -105 0 3
      vertex -102.5 0 3
      vertex -104.793 6.593 3
    endloop
  endfacet
  facet normal 0 0 1
    outer loop
      vertex -102.298 -6.43603 3
      vertex -104.793 -6.593 3
      vertex -104.172 -13.16 3
    endloop
  endfacet
  facet normal 0 0 1
    outer loop
      vertex -102.5 0 3
      vertex -105 0 3
      vertex -104.793 -6.593 3
    endloop
  endfacet
  facet normal 0.917753 -0.397152 0
    outer loop
      vertex 95.0068 -44.7068 3
      vertex 97.6265 -38.6531 0
      vertex 97.6265 -38.6531 3
    endloop
  endfacet
  facet normal 0.917753 -0.397152 0
    outer loop
      vertex 97.6265 -38.6531 0
      vertex 95.0068 -44.7068 3
      vertex 95.0068 -44.7068 0
    endloop
  endfacet
  facet normal -0.891009 -0.453986 0
    outer loop
      vertex -92.0122 -50.5841 0
      vertex -95.0068 -44.7068 3
      vertex -95.0068 -44.7068 0
    endloop
  endfacet
  facet normal -0.891009 -0.453986 0
    outer loop
      vertex -95.0068 -44.7068 3
      vertex -92.0122 -50.5841 0
      vertex -92.0122 -50.5841 3
    endloop
  endfacet
  facet normal -0.860741 -0.509043 0
    outer loop
      vertex -88.6544 -56.2618 0
      vertex -92.0122 -50.5841 3
      vertex -92.0122 -50.5841 0
    endloop
  endfacet
  facet normal -0.860741 -0.509043 0
    outer loop
      vertex -92.0122 -50.5841 3
      vertex -88.6544 -56.2618 0
      vertex -88.6544 -56.2618 3
    endloop
  endfacet
  facet normal 0.562074 -0.827087 0
    outer loop
      vertex 56.2618 -88.6544 0
      vertex 61.7175 -84.9468 3
      vertex 56.2618 -88.6544 3
    endloop
  endfacet
  facet normal 0.562074 -0.827087 0
    outer loop
      vertex 61.7175 -84.9468 3
      vertex 56.2618 -88.6544 0
      vertex 61.7175 -84.9468 0
    endloop
  endfacet
  facet normal 0.661315 0.750108 -0
    outer loop
      vertex 71.8774 76.5417 0
      vertex 66.9295 80.9039 3
      vertex 71.8774 76.5417 3
    endloop
  endfacet
  facet normal 0.661315 0.750108 0
    outer loop
      vertex 66.9295 80.9039 3
      vertex 71.8774 76.5417 0
      vertex 66.9295 80.9039 0
    endloop
  endfacet
  facet normal -0.661315 0.750108 0
    outer loop
      vertex -66.9295 80.9039 0
      vertex -71.8774 76.5417 3
      vertex -66.9295 80.9039 3
    endloop
  endfacet
  facet normal -0.661315 0.750108 0
    outer loop
      vertex -71.8774 76.5417 3
      vertex -66.9295 80.9039 0
      vertex -71.8774 76.5417 0
    endloop
  endfacet
  facet normal 0.453986 0.891009 -0
    outer loop
      vertex 50.5841 92.0122 0
      vertex 44.7068 95.0068 3
      vertex 50.5841 92.0122 3
    endloop
  endfacet
  facet normal 0.453986 0.891009 0
    outer loop
      vertex 44.7068 95.0068 3
      vertex 50.5841 92.0122 0
      vertex 44.7068 95.0068 0
    endloop
  endfacet
  facet normal 0.0941437 -0.995559 0
    outer loop
      vertex 6.593 -104.793 0
      vertex 13.16 -104.172 3
      vertex 6.593 -104.793 3
    endloop
  endfacet
  facet normal 0.0941437 -0.995559 0
    outer loop
      vertex 13.16 -104.172 3
      vertex 6.593 -104.793 0
      vertex 13.16 -104.172 0
    endloop
  endfacet
  facet normal -0.0313815 0.999507 0
    outer loop
      vertex 0 105 0
      vertex -6.593 104.793 3
      vertex 0 105 3
    endloop
  endfacet
  facet normal -0.0313815 0.999507 0
    outer loop
      vertex -6.593 104.793 3
      vertex 0 105 0
      vertex -6.593 104.793 0
    endloop
  endfacet
  facet normal 0.790151 0.612913 0
    outer loop
      vertex 84.9468 61.7175 3
      vertex 80.9039 66.9295 0
      vertex 80.9039 66.9295 3
    endloop
  endfacet
  facet normal 0.790151 0.612913 0
    outer loop
      vertex 80.9039 66.9295 0
      vertex 84.9468 61.7175 3
      vertex 84.9468 61.7175 0
    endloop
  endfacet
  facet normal 0.218153 0.975914 -0
    outer loop
      vertex 26.1124 101.701 0
      vertex 19.675 103.14 3
      vertex 26.1124 101.701 3
    endloop
  endfacet
  facet normal 0.218153 0.975914 0
    outer loop
      vertex 19.675 103.14 3
      vertex 26.1124 101.701 0
      vertex 19.675 103.14 0
    endloop
  endfacet
  facet normal 0.338737 -0.940881 0
    outer loop
      vertex 32.4468 -99.8609 0
      vertex 38.6531 -97.6265 3
      vertex 32.4468 -99.8609 3
    endloop
  endfacet
  facet normal 0.338737 -0.940881 0
    outer loop
      vertex 38.6531 -97.6265 3
      vertex 32.4468 -99.8609 0
      vertex 38.6531 -97.6265 0
    endloop
  endfacet
  facet normal 0.860741 -0.509043 0
    outer loop
      vertex 88.6544 -56.2618 3
      vertex 92.0122 -50.5841 0
      vertex 92.0122 -50.5841 3
    endloop
  endfacet
  facet normal 0.860741 -0.509043 0
    outer loop
      vertex 92.0122 -50.5841 0
      vertex 88.6544 -56.2618 3
      vertex 88.6544 -56.2618 0
    endloop
  endfacet
  facet normal -0.0941437 0.995559 0
    outer loop
      vertex -6.593 104.793 0
      vertex -13.16 104.172 3
      vertex -6.593 104.793 3
    endloop
  endfacet
  facet normal -0.0941437 0.995559 0
    outer loop
      vertex -13.16 104.172 3
      vertex -6.593 104.793 0
      vertex -13.16 104.172 0
    endloop
  endfacet
  facet normal -0.509043 0.860741 0
    outer loop
      vertex -50.5841 92.0122 0
      vertex -56.2618 88.6544 3
      vertex -50.5841 92.0122 3
    endloop
  endfacet
  facet normal -0.509043 0.860741 0
    outer loop
      vertex -56.2618 88.6544 3
      vertex -50.5841 92.0122 0
      vertex -56.2618 88.6544 0
    endloop
  endfacet
  facet normal 0.960302 0.278961 0
    outer loop
      vertex 101.701 26.1124 3
      vertex 99.8609 32.4468 0
      vertex 99.8609 32.4468 3
    endloop
  endfacet
  facet normal 0.960302 0.278961 0
    outer loop
      vertex 99.8609 32.4468 0
      vertex 101.701 26.1124 3
      vertex 101.701 26.1124 0
    endloop
  endfacet
  facet normal 0.860741 0.509043 0
    outer loop
      vertex 92.0122 50.5841 3
      vertex 88.6544 56.2618 0
      vertex 88.6544 56.2618 3
    endloop
  endfacet
  facet normal 0.860741 0.509043 0
    outer loop
      vertex 88.6544 56.2618 0
      vertex 92.0122 50.5841 3
      vertex 92.0122 50.5841 0
    endloop
  endfacet
  facet normal -0.975914 -0.218153 0
    outer loop
      vertex -101.701 -26.1124 0
      vertex -103.14 -19.675 3
      vertex -103.14 -19.675 0
    endloop
  endfacet
  facet normal -0.975914 -0.218153 0
    outer loop
      vertex -103.14 -19.675 3
      vertex -101.701 -26.1124 0
      vertex -101.701 -26.1124 3
    endloop
  endfacet
  facet normal 0.940881 0.338737 0
    outer loop
      vertex 99.8609 32.4468 3
      vertex 97.6265 38.6531 0
      vertex 97.6265 38.6531 3
    endloop
  endfacet
  facet normal 0.940881 0.338737 0
    outer loop
      vertex 97.6265 38.6531 0
      vertex 99.8609 32.4468 3
      vertex 99.8609 32.4468 0
    endloop
  endfacet
  facet normal 0.707107 0.707107 0
    outer loop
      vertex 76.5417 71.8774 3
      vertex 71.8774 76.5417 0
      vertex 71.8774 76.5417 3
    endloop
  endfacet
  facet normal 0.707107 0.707107 0
    outer loop
      vertex 71.8774 76.5417 0
      vertex 76.5417 71.8774 3
      vertex 76.5417 71.8774 0
    endloop
  endfacet
  facet normal 0.278961 -0.960302 0
    outer loop
      vertex 26.1124 -101.701 0
      vertex 32.4468 -99.8609 3
      vertex 26.1124 -101.701 3
    endloop
  endfacet
  facet normal 0.278961 -0.960302 0
    outer loop
      vertex 32.4468 -99.8609 3
      vertex 26.1124 -101.701 0
      vertex 32.4468 -99.8609 0
    endloop
  endfacet
  facet normal 0.338737 0.940881 -0
    outer loop
      vertex 38.6531 97.6265 0
      vertex 32.4468 99.8609 3
      vertex 38.6531 97.6265 3
    endloop
  endfacet
  facet normal 0.338737 0.940881 0
    outer loop
      vertex 32.4468 99.8609 3
      vertex 38.6531 97.6265 0
      vertex 32.4468 99.8609 0
    endloop
  endfacet
  facet normal 0.750108 0.661315 0
    outer loop
      vertex 80.9039 66.9295 3
      vertex 76.5417 71.8774 0
      vertex 76.5417 71.8774 3
    endloop
  endfacet
  facet normal 0.750108 0.661315 0
    outer loop
      vertex 76.5417 71.8774 0
      vertex 80.9039 66.9295 3
      vertex 80.9039 66.9295 0
    endloop
  endfacet
  facet normal -0.860741 0.509043 0
    outer loop
      vertex -92.0122 50.5841 0
      vertex -88.6544 56.2618 3
      vertex -88.6544 56.2618 0
    endloop
  endfacet
  facet normal -0.860741 0.509043 0
    outer loop
      vertex -88.6544 56.2618 3
      vertex -92.0122 50.5841 0
      vertex -92.0122 50.5841 3
    endloop
  endfacet
  facet normal 0.509043 -0.860741 0
    outer loop
      vertex 50.5841 -92.0122 0
      vertex 56.2618 -88.6544 3
      vertex 50.5841 -92.0122 3
    endloop
  endfacet
  facet normal 0.509043 -0.860741 0
    outer loop
      vertex 56.2618 -88.6544 3
      vertex 50.5841 -92.0122 0
      vertex 56.2618 -88.6544 0
    endloop
  endfacet
  facet normal -0.338737 -0.940881 0
    outer loop
      vertex -38.6531 -97.6265 0
      vertex -32.4468 -99.8609 3
      vertex -38.6531 -97.6265 3
    endloop
  endfacet
  facet normal -0.338737 -0.940881 -0
    outer loop
      vertex -32.4468 -99.8609 3
      vertex -38.6531 -97.6265 0
      vertex -32.4468 -99.8609 0
    endloop
  endfacet
  facet normal -0.999507 -0.0313815 0
    outer loop
      vertex -104.793 -6.593 0
      vertex -105 0 3
      vertex -105 0 0
    endloop
  endfacet
  facet normal -0.999507 -0.0313815 0
    outer loop
      vertex -105 0 3
      vertex -104.793 -6.593 0
      vertex -104.793 -6.593 3
    endloop
  endfacet
  facet normal 0.975914 -0.218153 0
    outer loop
      vertex 101.701 -26.1124 3
      vertex 103.14 -19.675 0
      vertex 103.14 -19.675 3
    endloop
  endfacet
  facet normal 0.975914 -0.218153 0
    outer loop
      vertex 103.14 -19.675 0
      vertex 101.701 -26.1124 3
      vertex 101.701 -26.1124 0
    endloop
  endfacet
  facet normal -0.750108 -0.661315 0
    outer loop
      vertex -76.5417 -71.8774 0
      vertex -80.9039 -66.9295 3
      vertex -80.9039 -66.9295 0
    endloop
  endfacet
  facet normal -0.750108 -0.661315 0
    outer loop
      vertex -80.9039 -66.9295 3
      vertex -76.5417 -71.8774 0
      vertex -76.5417 -71.8774 3
    endloop
  endfacet
  facet normal 0.397152 -0.917753 0
    outer loop
      vertex 38.6531 -97.6265 0
      vertex 44.7068 -95.0068 3
      vertex 38.6531 -97.6265 3
    endloop
  endfacet
  facet normal 0.397152 -0.917753 0
    outer loop
      vertex 44.7068 -95.0068 3
      vertex 38.6531 -97.6265 0
      vertex 44.7068 -95.0068 0
    endloop
  endfacet
  facet normal -0.707107 -0.707107 0
    outer loop
      vertex -71.8774 -76.5417 0
      vertex -76.5417 -71.8774 3
      vertex -76.5417 -71.8774 0
    endloop
  endfacet
  facet normal -0.707107 -0.707107 0
    outer loop
      vertex -76.5417 -71.8774 3
      vertex -71.8774 -76.5417 0
      vertex -71.8774 -76.5417 3
    endloop
  endfacet
  facet normal 0.612913 -0.790151 0
    outer loop
      vertex 61.7175 -84.9468 0
      vertex 66.9295 -80.9039 3
      vertex 61.7175 -84.9468 3
    endloop
  endfacet
  facet normal 0.612913 -0.790151 0
    outer loop
      vertex 66.9295 -80.9039 3
      vertex 61.7175 -84.9468 0
      vertex 66.9295 -80.9039 0
    endloop
  endfacet
  facet normal -0.453986 -0.891009 0
    outer loop
      vertex -50.5841 -92.0122 0
      vertex -44.7068 -95.0068 3
      vertex -50.5841 -92.0122 3
    endloop
  endfacet
  facet normal -0.453986 -0.891009 -0
    outer loop
      vertex -44.7068 -95.0068 3
      vertex -50.5841 -92.0122 0
      vertex -44.7068 -95.0068 0
    endloop
  endfacet
  facet normal -0.917753 0.397152 0
    outer loop
      vertex -97.6265 38.6531 0
      vertex -95.0068 44.7068 3
      vertex -95.0068 44.7068 0
    endloop
  endfacet
  facet normal -0.917753 0.397152 0
    outer loop
      vertex -95.0068 44.7068 3
      vertex -97.6265 38.6531 0
      vertex -97.6265 38.6531 3
    endloop
  endfacet
  facet normal 0.0313815 0.999507 -0
    outer loop
      vertex 6.593 104.793 0
      vertex 0 105 3
      vertex 6.593 104.793 3
    endloop
  endfacet
  facet normal 0.0313815 0.999507 0
    outer loop
      vertex 0 105 3
      vertex 6.593 104.793 0
      vertex 0 105 0
    endloop
  endfacet
  facet normal -0.975914 0.218153 0
    outer loop
      vertex -103.14 19.675 0
      vertex -101.701 26.1124 3
      vertex -101.701 26.1124 0
    endloop
  endfacet
  facet normal -0.975914 0.218153 0
    outer loop
      vertex -101.701 26.1124 3
      vertex -103.14 19.675 0
      vertex -103.14 19.675 3
    endloop
  endfacet
  facet normal -0.960302 0.278961 0
    outer loop
      vertex -101.701 26.1124 0
      vertex -99.8609 32.4468 3
      vertex -99.8609 32.4468 0
    endloop
  endfacet
  facet normal -0.960302 0.278961 0
    outer loop
      vertex -99.8609 32.4468 3
      vertex -101.701 26.1124 0
      vertex -101.701 26.1124 3
    endloop
  endfacet
  facet normal -0.0941437 -0.995559 0
    outer loop
      vertex -13.16 -104.172 0
      vertex -6.593 -104.793 3
      vertex -13.16 -104.172 3
    endloop
  endfacet
  facet normal -0.0941437 -0.995559 -0
    outer loop
      vertex -6.593 -104.793 3
      vertex -13.16 -104.172 0
      vertex -6.593 -104.793 0
    endloop
  endfacet
  facet normal -0.0313815 -0.999507 0
    outer loop
      vertex -6.593 -104.793 0
      vertex 0 -105 3
      vertex -6.593 -104.793 3
    endloop
  endfacet
  facet normal -0.0313815 -0.999507 -0
    outer loop
      vertex 0 -105 3
      vertex -6.593 -104.793 0
      vertex 0 -105 0
    endloop
  endfacet
  facet normal -0.891009 0.453986 0
    outer loop
      vertex -95.0068 44.7068 0
      vertex -92.0122 50.5841 3
      vertex -92.0122 50.5841 0
    endloop
  endfacet
  facet normal -0.891009 0.453986 0
    outer loop
      vertex -92.0122 50.5841 3
      vertex -95.0068 44.7068 0
      vertex -95.0068 44.7068 3
    endloop
  endfacet
  facet normal 0.278961 0.960302 -0
    outer loop
      vertex 32.4468 99.8609 0
      vertex 26.1124 101.701 3
      vertex 32.4468 99.8609 3
    endloop
  endfacet
  facet normal 0.278961 0.960302 0
    outer loop
      vertex 26.1124 101.701 3
      vertex 32.4468 99.8609 0
      vertex 26.1124 101.701 0
    endloop
  endfacet
  facet normal 0 0 -1
    outer loop
      vertex 104.793 -6.593 0
      vertex 104.793 6.593 0
      vertex 105 0 0
    endloop
  endfacet
  facet normal 0 0 -1
    outer loop
      vertex 104.172 -13.16 0
      vertex 104.793 6.593 0
      vertex 104.793 -6.593 0
    endloop
  endfacet
  facet normal 0 0 -1
    outer loop
      vertex 104.172 -13.16 0
      vertex 104.172 13.16 0
      vertex 104.793 6.593 0
    endloop
  endfacet
  facet normal 0 0 -1
    outer loop
      vertex 103.14 -19.675 0
      vertex 104.172 13.16 0
      vertex 104.172 -13.16 0
    endloop
  endfacet
  facet normal 0 0 -1
    outer loop
      vertex 103.14 -19.675 0
      vertex 103.14 19.675 0
      vertex 104.172 13.16 0
    endloop
  endfacet
  facet normal 0 0 -1
    outer loop
      vertex 101.701 -26.1124 0
      vertex 103.14 19.675 0
      vertex 103.14 -19.675 0
    endloop
  endfacet
  facet normal 0 0 -1
    outer loop
      vertex 101.701 -26.1124 0
      vertex 101.701 26.1124 0
      vertex 103.14 19.675 0
    endloop
  endfacet
  facet normal 0 0 -1
    outer loop
      vertex 99.8609 -32.4468 0
      vertex 101.701 26.1124 0
      vertex 101.701 -26.1124 0
    endloop
  endfacet
  facet normal 0 0 -1
    outer loop
      vertex 99.8609 -32.4468 0
      vertex 99.8609 32.4468 0
      vertex 101.701 26.1124 0
    endloop
  endfacet
  facet normal 0 0 -1
    outer loop
      vertex 97.6265 -38.6531 0
      vertex 99.8609 32.4468 0
      vertex 99.8609 -32.4468 0
    endloop
  endfacet
  facet normal 0 0 -1
    outer loop
      vertex 97.6265 -38.6531 0
      vertex 97.6265 38.6531 0
      vertex 99.8609 32.4468 0
    endloop
  endfacet
  facet normal 0 0 -1
    outer loop
      vertex 95.0068 -44.7068 0
      vertex 97.6265 38.6531 0
      vertex 97.6265 -38.6531 0
    endloop
  endfacet
  facet normal 0 0 -1
    outer loop
      vertex 95.0068 -44.7068 0
      vertex 95.0068 44.7068 0
      vertex 97.6265 38.6531 0
    endloop
  endfacet
  facet normal 0 0 -1
    outer loop
      vertex 92.0122 -50.5841 0
      vertex 95.0068 44.7068 0
      vertex 95.0068 -44.7068 0
    endloop
  endfacet
  facet normal 0 0 -1
    outer loop
      vertex 92.0122 -50.5841 0
      vertex 92.0122 50.5841 0
      vertex 95.0068 44.7068 0
    endloop
  endfacet
  facet normal 0 0 -1
    outer loop
      vertex 88.6544 -56.2618 0
      vertex 92.0122 50.5841 0
      vertex 92.0122 -50.5841 0
    endloop
  endfacet
  facet normal 0 0 -1
    outer loop
      vertex 88.6544 -56.2618 0
      vertex 88.6544 56.2618 0
      vertex 92.0122 50.5841 0
    endloop
  endfacet
  facet normal 0 0 -1
    outer loop
      vertex 84.9468 -61.7175 0
      vertex 88.6544 56.2618 0
      vertex 88.6544 -56.2618 0
    endloop
  endfacet
  facet normal 0 0 -1
    outer loop
      vertex 84.9468 -61.7175 0
      vertex 84.9468 61.7175 0
      vertex 88.6544 56.2618 0
    endloop
  endfacet
  facet normal 0 0 -1
    outer loop
      vertex 80.9039 -66.9295 0
      vertex 84.9468 61.7175 0
      vertex 84.9468 -61.7175 0
    endloop
  endfacet
  facet normal 0 0 -1
    outer loop
      vertex 80.9039 -66.9295 0
      vertex 80.9039 66.9295 0
      vertex 84.9468 61.7175 0
    endloop
  endfacet
  facet normal 0 0 -1
    outer loop
      vertex 76.5417 -71.8774 0
      vertex 80.9039 66.9295 0
      vertex 80.9039 -66.9295 0
    endloop
  endfacet
  facet normal 0 0 -1
    outer loop
      vertex 76.5417 -71.8774 0
      vertex 76.5417 71.8774 0
      vertex 80.9039 66.9295 0
    endloop
  endfacet
  facet normal 0 0 -1
    outer loop
      vertex 71.8774 -76.5417 0
      vertex 76.5417 71.8774 0
      vertex 76.5417 -71.8774 0
    endloop
  endfacet
  facet normal 0 0 -1
    outer loop
      vertex 71.8774 -76.5417 0
      vertex 71.8774 76.5417 0
      vertex 76.5417 71.8774 0
    endloop
  endfacet
  facet normal 0 0 -1
    outer loop
      vertex 66.9295 -80.9039 0
      vertex 71.8774 76.5417 0
      vertex 71.8774 -76.5417 0
    endloop
  endfacet
  facet normal 0 0 -1
    outer loop
      vertex 66.9295 -80.9039 0
      vertex 66.9295 80.9039 0
      vertex 71.8774 76.5417 0
    endloop
  endfacet
  facet normal 0 0 -1
    outer loop
      vertex 61.7175 -84.9468 0
      vertex 66.9295 80.9039 0
      vertex 66.9295 -80.9039 0
    endloop
  endfacet
  facet normal 0 0 -1
    outer loop
      vertex 61.7175 -84.9468 0
      vertex 61.7175 84.9468 0
      vertex 66.9295 80.9039 0
    endloop
  endfacet
  facet normal 0 0 -1
    outer loop
      vertex 56.2618 -88.6544 0
      vertex 61.7175 84.9468 0
      vertex 61.7175 -84.9468 0
    endloop
  endfacet
  facet normal 0 0 -1
    outer loop
      vertex 56.2618 -88.6544 0
      vertex 56.2618 88.6544 0
      vertex 61.7175 84.9468 0
    endloop
  endfacet
  facet normal 0 0 -1
    outer loop
      vertex 50.5841 -92.0122 0
      vertex 56.2618 88.6544 0
      vertex 56.2618 -88.6544 0
    endloop
  endfacet
  facet normal 0 0 -1
    outer loop
      vertex 50.5841 -92.0122 0
      vertex 50.5841 92.0122 0
      vertex 56.2618 88.6544 0
    endloop
  endfacet
  facet normal 0 0 -1
    outer loop
      vertex 44.7068 -95.0068 0
      vertex 50.5841 92.0122 0
      vertex 50.5841 -92.0122 0
    endloop
  endfacet
  facet normal 0 0 -1
    outer loop
      vertex 44.7068 -95.0068 0
      vertex 44.7068 95.0068 0
      vertex 50.5841 92.0122 0
    endloop
  endfacet
  facet normal 0 0 -1
    outer loop
      vertex 38.6531 -97.6265 0
      vertex 44.7068 95.0068 0
      vertex 44.7068 -95.0068 0
    endloop
  endfacet
  facet normal 0 0 -1
    outer loop
      vertex 38.6531 -97.6265 0
      vertex 38.6531 97.6265 0
      vertex 44.7068 95.0068 0
    endloop
  endfacet
  facet normal 0 0 -1
    outer loop
      vertex 32.4468 -99.8609 0
      vertex 38.6531 97.6265 0
      vertex 38.6531 -97.6265 0
    endloop
  endfacet
  facet normal 0 0 -1
    outer loop
      vertex 32.4468 -99.8609 0
      vertex 32.4468 99.8609 0
      vertex 38.6531 97.6265 0
    endloop
  endfacet
  facet normal 0 0 -1
    outer loop
      vertex 26.1124 -101.701 0
      vertex 32.4468 99.8609 0
      vertex 32.4468 -99.8609 0
    endloop
  endfacet
  facet normal 0 0 -1
    outer loop
      vertex 26.1124 -101.701 0
      vertex 26.1124 101.701 0
      vertex 32.4468 99.8609 0
    endloop
  endfacet
  facet normal 0 0 -1
    outer loop
      vertex 19.675 -103.14 0
      vertex 26.1124 101.701 0
      vertex 26.1124 -101.701 0
    endloop
  endfacet
  facet normal 0 0 -1
    outer loop
      vertex 19.675 -103.14 0
      vertex 19.675 103.14 0
      vertex 26.1124 101.701 0
    endloop
  endfacet
  facet normal 0 0 -1
    outer loop
      vertex 13.16 -104.172 0
      vertex 19.675 103.14 0
      vertex 19.675 -103.14 0
    endloop
  endfacet
  facet normal 0 0 -1
    outer loop
      vertex 13.16 -104.172 0
      vertex 13.16 104.172 0
      vertex 19.675 103.14 0
    endloop
  endfacet
  facet normal 0 0 -1
    outer loop
      vertex 6.593 -104.793 0
      vertex 13.16 104.172 0
      vertex 13.16 -104.172 0
    endloop
  endfacet
  facet normal 0 0 -1
    outer loop
      vertex 6.593 -104.793 0
      vertex 6.593 104.793 0
      vertex 13.16 104.172 0
    endloop
  endfacet
  facet normal 0 0 -1
    outer loop
      vertex 0 -105 0
      vertex 6.593 104.793 0
      vertex 6.593 -104.793 0
    endloop
  endfacet
  facet normal 0 0 -1
    outer loop
      vertex 0 -105 0
      vertex 0 105 0
      vertex 6.593 104.793 0
    endloop
  endfacet
  facet normal 0 0 -1
    outer loop
      vertex -6.593 -104.793 0
      vertex 0 105 0
      vertex 0 -105 0
    endloop
  endfacet
  facet normal 0 0 -1
    outer loop
      vertex -6.593 -104.793 0
      vertex -6.593 104.793 0
      vertex 0 105 0
    endloop
  endfacet
  facet normal 0 0 -1
    outer loop
      vertex -13.16 -104.172 0
      vertex -6.593 104.793 0
      vertex -6.593 -104.793 0
    endloop
  endfacet
  facet normal 0 0 -1
    outer loop
      vertex -13.16 -104.172 0
      vertex -13.16 104.172 0
      vertex -6.593 104.793 0
    endloop
  endfacet
  facet normal 0 0 -1
    outer loop
      vertex -19.675 -103.14 0
      vertex -13.16 104.172 0
      vertex -13.16 -104.172 0
    endloop
  endfacet
  facet normal 0 0 -1
    outer loop
      vertex -19.675 -103.14 0
      vertex -19.675 103.14 0
      vertex -13.16 104.172 0
    endloop
  endfacet
  facet normal 0 0 -1
    outer loop
      vertex -26.1124 -101.701 0
      vertex -19.675 103.14 0
      vertex -19.675 -103.14 0
    endloop
  endfacet
  facet normal 0 0 -1
    outer loop
      vertex -26.1124 -101.701 0
      vertex -26.1124 101.701 0
      vertex -19.675 103.14 0
    endloop
  endfacet
  facet normal 0 0 -1
    outer loop
      vertex -32.4468 -99.8609 0
      vertex -26.1124 101.701 0
      vertex -26.1124 -101.701 0
    endloop
  endfacet
  facet normal 0 0 -1
    outer loop
      vertex -32.4468 -99.8609 0
      vertex -32.4468 99.8609 0
      vertex -26.1124 101.701 0
    endloop
  endfacet
  facet normal 0 0 -1
    outer loop
      vertex -38.6531 -97.6265 0
      vertex -32.4468 99.8609 0
      vertex -32.4468 -99.8609 0
    endloop
  endfacet
  facet normal 0 0 -1
    outer loop
      vertex -38.6531 -97.6265 0
      vertex -38.6531 97.6265 0
      vertex -32.4468 99.8609 0
    endloop
  endfacet
  facet normal 0 0 -1
    outer loop
      vertex -44.7068 -95.0068 0
      vertex -38.6531 97.6265 0
      vertex -38.6531 -97.6265 0
    endloop
  endfacet
  facet normal 0 0 -1
    outer loop
      vertex -44.7068 -95.0068 0
      vertex -44.7068 95.0068 0
      vertex -38.6531 97.6265 0
    endloop
  endfacet
  facet normal 0 0 -1
    outer loop
      vertex -50.5841 -92.0122 0
      vertex -44.7068 95.0068 0
      vertex -44.7068 -95.0068 0
    endloop
  endfacet
  facet normal 0 0 -1
    outer loop
      vertex -50.5841 -92.0122 0
      vertex -50.5841 92.0122 0
      vertex -44.7068 95.0068 0
    endloop
  endfacet
  facet normal 0 0 -1
    outer loop
      vertex -56.2618 -88.6544 0
      vertex -50.5841 92.0122 0
      vertex -50.5841 -92.0122 0
    endloop
  endfacet
  facet normal 0 0 -1
    outer loop
      vertex -56.2618 -88.6544 0
      vertex -56.2618 88.6544 0
      vertex -50.5841 92.0122 0
    endloop
  endfacet
  facet normal 0 0 -1
    outer loop
      vertex -61.7175 -84.9468 0
      vertex -56.2618 88.6544 0
      vertex -56.2618 -88.6544 0
    endloop
  endfacet
  facet normal 0 0 -1
    outer loop
      vertex -61.7175 -84.9468 0
      vertex -61.7175 84.9468 0
      vertex -56.2618 88.6544 0
    endloop
  endfacet
  facet normal 0 0 -1
    outer loop
      vertex -66.9295 -80.9039 0
      vertex -61.7175 84.9468 0
      vertex -61.7175 -84.9468 0
    endloop
  endfacet
  facet normal 0 0 -1
    outer loop
      vertex -66.9295 -80.9039 0
      vertex -66.9295 80.9039 0
      vertex -61.7175 84.9468 0
    endloop
  endfacet
  facet normal 0 0 -1
    outer loop
      vertex -71.8774 -76.5417 0
      vertex -66.9295 80.9039 0
      vertex -66.9295 -80.9039 0
    endloop
  endfacet
  facet normal 0 0 -1
    outer loop
      vertex -71.8774 -76.5417 0
      vertex -71.8774 76.5417 0
      vertex -66.9295 80.9039 0
    endloop
  endfacet
  facet normal 0 0 -1
    outer loop
      vertex -76.5417 -71.8774 0
      vertex -71.8774 76.5417 0
      vertex -71.8774 -76.5417 0
    endloop
  endfacet
  facet normal 0 0 -1
    outer loop
      vertex -76.5417 -71.8774 0
      vertex -76.5417 71.8774 0
      vertex -71.8774 76.5417 0
    endloop
  endfacet
  facet normal 0 0 -1
    outer loop
      vertex -80.9039 -66.9295 0
      vertex -76.5417 71.8774 0
      vertex -76.5417 -71.8774 0
    endloop
  endfacet
  facet normal 0 0 -1
    outer loop
      vertex -80.9039 -66.9295 0
      vertex -80.9039 66.9295 0
      vertex -76.5417 71.8774 0
    endloop
  endfacet
  facet normal 0 0 -1
    outer loop
      vertex -84.9468 -61.7175 0
      vertex -80.9039 66.9295 0
      vertex -80.9039 -66.9295 0
    endloop
  endfacet
  facet normal 0 0 -1
    outer loop
      vertex -84.9468 -61.7175 0
      vertex -84.9468 61.7175 0
      vertex -80.9039 66.9295 0
    endloop
  endfacet
  facet normal 0 0 -1
    outer loop
      vertex -88.6544 -56.2618 0
      vertex -84.9468 61.7175 0
      vertex -84.9468 -61.7175 0
    endloop
  endfacet
  facet normal 0 0 -1
    outer loop
      vertex -88.6544 -56.2618 0
      vertex -88.6544 56.2618 0
      vertex -84.9468 61.7175 0
    endloop
  endfacet
  facet normal 0 0 -1
    outer loop
      vertex -92.0122 -50.5841 0
      vertex -88.6544 56.2618 0
      vertex -88.6544 -56.2618 0
    endloop
  endfacet
  facet normal 0 0 -1
    outer loop
      vertex -92.0122 -50.5841 0
      vertex -92.0122 50.5841 0
      vertex -88.6544 56.2618 0
    endloop
  endfacet
  facet normal 0 0 -1
    outer loop
      vertex -95.0068 -44.7068 0
      vertex -92.0122 50.5841 0
      vertex -92.0122 -50.5841 0
    endloop
  endfacet
  facet normal 0 0 -1
    outer loop
      vertex -95.0068 -44.7068 0
      vertex -95.0068 44.7068 0
      vertex -92.0122 50.5841 0
    endloop
  endfacet
  facet normal 0 0 -1
    outer loop
      vertex -97.6265 -38.6531 0
      vertex -95.0068 44.7068 0
      vertex -95.0068 -44.7068 0
    endloop
  endfacet
  facet normal 0 0 -1
    outer loop
      vertex -97.6265 -38.6531 0
      vertex -97.6265 38.6531 0
      vertex -95.0068 44.7068 0
    endloop
  endfacet
  facet normal 0 0 -1
    outer loop
      vertex -99.8609 -32.4468 0
      vertex -97.6265 38.6531 0
      vertex -97.6265 -38.6531 0
    endloop
  endfacet
  facet normal 0 0 -1
    outer loop
      vertex -99.8609 -32.4468 0
      vertex -99.8609 32.4468 0
      vertex -97.6265 38.6531 0
    endloop
  endfacet
  facet normal 0 0 -1
    outer loop
      vertex -101.701 -26.1124 0
      vertex -99.8609 32.4468 0
      vertex -99.8609 -32.4468 0
    endloop
  endfacet
  facet normal 0 0 -1
    outer loop
      vertex -101.701 -26.1124 0
      vertex -101.701 26.1124 0
      vertex -99.8609 32.4468 0
    endloop
  endfacet
  facet normal 0 0 -1
    outer loop
      vertex -103.14 -19.675 0
      vertex -101.701 26.1124 0
      vertex -101.701 -26.1124 0
    endloop
  endfacet
  facet normal 0 0 -1
    outer loop
      vertex -103.14 -19.675 0
      vertex -103.14 19.675 0
      vertex -101.701 26.1124 0
    endloop
  endfacet
  facet normal 0 0 -1
    outer loop
      vertex -104.172 -13.16 0
      vertex -103.14 19.675 0
      vertex -103.14 -19.675 0
    endloop
  endfacet
  facet normal 0 0 -1
    outer loop
      vertex -104.172 -13.16 0
      vertex -104.172 13.16 0
      vertex -103.14 19.675 0
    endloop
  endfacet
  facet normal 0 0 -1
    outer loop
      vertex -104.793 -6.593 0
      vertex -104.172 13.16 0
      vertex -104.172 -13.16 0
    endloop
  endfacet
  facet normal 0 0 -1
    outer loop
      vertex -104.793 -6.593 0
      vertex -104.793 6.593 0
      vertex -104.172 13.16 0
    endloop
  endfacet
  facet normal 0 -0 -1
    outer loop
      vertex -104.793 6.593 0
      vertex -104.793 -6.593 0
      vertex -105 0 0
    endloop
  endfacet
  facet normal -0.453986 0.891009 0
    outer loop
      vertex -44.7068 95.0068 0
      vertex -50.5841 92.0122 3
      vertex -44.7068 95.0068 3
    endloop
  endfacet
  facet normal -0.453986 0.891009 0
    outer loop
      vertex -50.5841 92.0122 3
      vertex -44.7068 95.0068 0
      vertex -50.5841 92.0122 0
    endloop
  endfacet
  facet normal -0.218153 -0.975914 0
    outer loop
      vertex -26.1124 -101.701 0
      vertex -19.675 -103.14 3
      vertex -26.1124 -101.701 3
    endloop
  endfacet
  facet normal -0.218153 -0.975914 -0
    outer loop
      vertex -19.675 -103.14 3
      vertex -26.1124 -101.701 0
      vertex -19.675 -103.14 0
    endloop
  endfacet
  facet normal -0.509043 -0.860741 0
    outer loop
      vertex -56.2618 -88.6544 0
      vertex -50.5841 -92.0122 3
      vertex -56.2618 -88.6544 3
    endloop
  endfacet
  facet normal -0.509043 -0.860741 -0
    outer loop
      vertex -50.5841 -92.0122 3
      vertex -56.2618 -88.6544 0
      vertex -50.5841 -92.0122 0
    endloop
  endfacet
  facet normal 0.816611 -0.482947 0.316084
    outer loop
      vertex 89.8214 -49.3798 3
      vertex 82.322 -52.2431 18
      vertex 86.5436 -54.9222 3
    endloop
  endfacet
  facet normal 0.206953 -0.925891 0.316063
    outer loop
      vertex 24.2473 -94.4369 18
      vertex 18.2697 -95.773 18
      vertex 19.2066 -100.684 3
    endloop
  endfacet
  facet normal 0.911059 0.264691 0.316086
    outer loop
      vertex 97.4833 31.6742 3
      vertex 94.4369 24.2473 18
      vertex 99.2798 25.4907 3
    endloop
  endfacet
  facet normal -0.627406 0.711651 0.316092
    outer loop
      vertex -62.1488 75.125 18
      vertex -70.1661 74.7193 3
      vertex -66.7433 71.0744 18
    endloop
  endfacet
  facet normal 0.948262 0.0298012 0.316087
    outer loop
      vertex 102.5 0 3
      vertex 97.3076 6.12208 18
      vertex 97.5 0 18
    endloop
  endfacet
  facet normal 0.948258 0.0297619 0.316102
    outer loop
      vertex 102.298 6.43603 3
      vertex 97.3076 6.12208 18
      vertex 102.5 0 3
    endloop
  endfacet
  facet normal 0.533261 -0.784681 0.316084
    outer loop
      vertex 57.3091 -78.8792 18
      vertex 52.2431 -82.322 18
      vertex 54.9222 -86.5436 3
    endloop
  endfacet
  facet normal 0.870701 -0.376784 0.316091
    outer loop
      vertex 95.3021 -37.7328 3
      vertex 88.2206 -41.5135 18
      vertex 92.7448 -43.6424 3
    endloop
  endfacet
  facet normal 0.8707 -0.376786 0.31609
    outer loop
      vertex 90.6532 -35.8921 18
      vertex 88.2206 -41.5135 18
      vertex 95.3021 -37.7328 3
    endloop
  endfacet
  facet normal 0.925891 0.206953 0.316063
    outer loop
      vertex 100.684 19.2066 3
      vertex 94.4369 24.2473 18
      vertex 95.773 18.2697 18
    endloop
  endfacet
  facet normal 0.937057 0.148419 0.316063
    outer loop
      vertex 100.684 19.2066 3
      vertex 95.773 18.2697 18
      vertex 96.7312 12.22 18
    endloop
  endfacet
  facet normal -0.845321 -0.43072 0.316091
    outer loop
      vertex -88.2206 -41.5135 18
      vertex -92.7448 -43.6424 3
      vertex -89.8214 -49.3798 3
    endloop
  endfacet
  facet normal 0.148419 -0.937057 0.316063
    outer loop
      vertex 18.2697 -95.773 18
      vertex 12.22 -96.7312 18
      vertex 19.2066 -100.684 3
    endloop
  endfacet
  facet normal -0.845327 0.43071 0.316086
    outer loop
      vertex -85.4399 46.971 18
      vertex -89.8214 49.3798 3
      vertex -88.2206 41.5135 18
    endloop
  endfacet
  facet normal -0.711652 -0.627405 0.316092
    outer loop
      vertex -75.125 -62.1488 18
      vertex -78.9776 -65.336 3
      vertex -74.7193 -70.1661 3
    endloop
  endfacet
  facet normal -0.944514 -0.0892849 0.316102
    outer loop
      vertex -97.3076 -6.12208 18
      vertex -102.298 -6.43603 3
      vertex -101.692 -12.8467 3
    endloop
  endfacet
  facet normal -0.784681 -0.533261 0.316084
    outer loop
      vertex -82.322 -52.2431 18
      vertex -86.5436 -54.9222 3
      vertex -78.8792 -57.3091 18
    endloop
  endfacet
  facet normal -0.925897 -0.206894 0.316085
    outer loop
      vertex -94.4369 -24.2473 18
      vertex -100.684 -19.2066 3
      vertex -99.2798 -25.4907 3
    endloop
  endfacet
  facet normal -0.892644 0.321367 0.316087
    outer loop
      vertex -95.3021 37.7328 3
      vertex -97.4833 31.6742 3
      vertex -92.728 30.1292 18
    endloop
  endfacet
  facet normal -0.148419 -0.937057 0.316063
    outer loop
      vertex -18.2697 -95.773 18
      vertex -19.2066 -100.684 3
      vertex -12.22 -96.7312 18
    endloop
  endfacet
  facet normal 0.870701 0.376784 0.316091
    outer loop
      vertex 92.7448 43.6424 3
      vertex 88.2206 41.5135 18
      vertex 95.3021 37.7328 3
    endloop
  endfacet
  facet normal 0.944514 -0.0892849 0.316102
    outer loop
      vertex 102.298 -6.43603 3
      vertex 97.3076 -6.12208 18
      vertex 101.692 -12.8467 3
    endloop
  endfacet
  facet normal 0.627405 0.711652 0.316092
    outer loop
      vertex 65.336 78.9776 3
      vertex 62.1488 75.125 18
      vertex 70.1661 74.7193 3
    endloop
  endfacet
  facet normal 0.376786 -0.8707 0.31609
    outer loop
      vertex 41.5135 -88.2206 18
      vertex 35.8921 -90.6532 18
      vertex 37.7328 -95.3021 3
    endloop
  endfacet
  facet normal 0.925891 -0.206953 0.316063
    outer loop
      vertex 95.773 -18.2697 18
      vertex 94.4369 -24.2473 18
      vertex 100.684 -19.2066 3
    endloop
  endfacet
  facet normal 0.264691 0.911059 0.316086
    outer loop
      vertex 25.4907 99.2798 3
      vertex 24.2473 94.4369 18
      vertex 31.6742 97.4833 3
    endloop
  endfacet
  facet normal 0.264694 0.911058 0.316087
    outer loop
      vertex 31.6742 97.4833 3
      vertex 24.2473 94.4369 18
      vertex 30.1292 92.728 18
    endloop
  endfacet
  facet normal -0.0297619 0.948258 0.316102
    outer loop
      vertex 0 102.5 3
      vertex -6.43603 102.298 3
      vertex -6.12208 97.3076 18
    endloop
  endfacet
  facet normal 0.148513 -0.93703 0.316099
    outer loop
      vertex 19.2066 -100.684 3
      vertex 12.22 -96.7312 18
      vertex 12.8467 -101.692 3
    endloop
  endfacet
  facet normal -0.816611 0.482947 0.316084
    outer loop
      vertex -86.5436 54.9222 3
      vertex -89.8214 49.3798 3
      vertex -82.322 52.2431 18
    endloop
  endfacet
  facet normal 0.148419 0.937057 0.316063
    outer loop
      vertex 19.2066 100.684 3
      vertex 12.22 96.7312 18
      vertex 18.2697 95.773 18
    endloop
  endfacet
  facet normal -0.948258 -0.0297619 0.316102
    outer loop
      vertex -97.3076 -6.12208 18
      vertex -102.5 0 3
      vertex -102.298 -6.43603 3
    endloop
  endfacet
  facet normal 0.925897 -0.206894 0.316085
    outer loop
      vertex 100.684 -19.2066 3
      vertex 94.4369 -24.2473 18
      vertex 99.2798 -25.4907 3
    endloop
  endfacet
  facet normal 0.784681 -0.533261 0.316084
    outer loop
      vertex 82.322 -52.2431 18
      vertex 78.8792 -57.3091 18
      vertex 86.5436 -54.9222 3
    endloop
  endfacet
  facet normal -0.711652 0.627405 0.316092
    outer loop
      vertex -74.7193 70.1661 3
      vertex -78.9776 65.336 3
      vertex -75.125 62.1488 18
    endloop
  endfacet
  facet normal -0.925897 0.206894 0.316085
    outer loop
      vertex -99.2798 25.4907 3
      vertex -100.684 19.2066 3
      vertex -94.4369 24.2473 18
    endloop
  endfacet
  facet normal 0.482947 0.816611 0.316084
    outer loop
      vertex 54.9222 86.5436 3
      vertex 49.3798 89.8214 3
      vertex 52.2431 82.322 18
    endloop
  endfacet
  facet normal 0.911059 -0.264691 0.316086
    outer loop
      vertex 99.2798 -25.4907 3
      vertex 94.4369 -24.2473 18
      vertex 97.4833 -31.6742 3
    endloop
  endfacet
  facet normal 0.321374 -0.89264 0.31609
    outer loop
      vertex 35.8921 -90.6532 18
      vertex 30.1292 -92.728 18
      vertex 37.7328 -95.3021 3
    endloop
  endfacet
  facet normal 0.206894 -0.925897 0.316085
    outer loop
      vertex 24.2473 -94.4369 18
      vertex 19.2066 -100.684 3
      vertex 25.4907 -99.2798 3
    endloop
  endfacet
  facet normal 0.944514 0.0892849 0.316102
    outer loop
      vertex 101.692 12.8467 3
      vertex 97.3076 6.12208 18
      vertex 102.298 6.43603 3
    endloop
  endfacet
  facet normal -0.533265 0.784678 0.316082
    outer loop
      vertex -54.9222 86.5436 3
      vertex -60.248 82.9242 3
      vertex -57.3091 78.8792 18
    endloop
  endfacet
  facet normal -0.937057 -0.148419 0.316063
    outer loop
      vertex -96.7312 -12.22 18
      vertex -100.684 -19.2066 3
      vertex -95.773 -18.2697 18
    endloop
  endfacet
  facet normal -0.816611 -0.482947 0.316084
    outer loop
      vertex -82.322 -52.2431 18
      vertex -89.8214 -49.3798 3
      vertex -86.5436 -54.9222 3
    endloop
  endfacet
  facet normal 0.816613 0.482942 0.316087
    outer loop
      vertex 89.8214 49.3798 3
      vertex 82.322 52.2431 18
      vertex 85.4399 46.971 18
    endloop
  endfacet
  facet normal 0.581477 -0.749647 0.316092
    outer loop
      vertex 62.1488 -75.125 18
      vertex 60.248 -82.9242 3
      vertex 65.336 -78.9776 3
    endloop
  endfacet
  facet normal -0.206953 -0.925891 0.316063
    outer loop
      vertex -18.2697 -95.773 18
      vertex -24.2473 -94.4369 18
      vertex -19.2066 -100.684 3
    endloop
  endfacet
  facet normal -0.321374 0.89264 0.31609
    outer loop
      vertex -30.1292 92.728 18
      vertex -37.7328 95.3021 3
      vertex -35.8921 90.6532 18
    endloop
  endfacet
  facet normal -0.925891 -0.206953 0.316063
    outer loop
      vertex -95.773 -18.2697 18
      vertex -100.684 -19.2066 3
      vertex -94.4369 -24.2473 18
    endloop
  endfacet
  facet normal -0.925891 0.206953 0.316063
    outer loop
      vertex -94.4369 24.2473 18
      vertex -100.684 19.2066 3
      vertex -95.773 18.2697 18
    endloop
  endfacet
  facet normal 0.89264 0.321374 0.31609
    outer loop
      vertex 95.3021 37.7328 3
      vertex 90.6532 35.8921 18
      vertex 92.728 30.1292 18
    endloop
  endfacet
  facet normal 0.206953 0.925891 0.316063
    outer loop
      vertex 19.2066 100.684 3
      vertex 18.2697 95.773 18
      vertex 24.2473 94.4369 18
    endloop
  endfacet
  facet normal 0.581498 0.749634 0.316082
    outer loop
      vertex 60.248 82.9242 3
      vertex 57.3091 78.8792 18
      vertex 62.1488 75.125 18
    endloop
  endfacet
  facet normal 0.845327 0.43071 0.316086
    outer loop
      vertex 89.8214 49.3798 3
      vertex 85.4399 46.971 18
      vertex 88.2206 41.5135 18
    endloop
  endfacet
  facet normal -0.749647 0.581477 0.316092
    outer loop
      vertex -78.9776 65.336 3
      vertex -82.9242 60.248 3
      vertex -75.125 62.1488 18
    endloop
  endfacet
  facet normal 0.845321 0.43072 0.316091
    outer loop
      vertex 89.8214 49.3798 3
      vertex 88.2206 41.5135 18
      vertex 92.7448 43.6424 3
    endloop
  endfacet
  facet normal 0.376786 0.8707 0.31609
    outer loop
      vertex 37.7328 95.3021 3
      vertex 35.8921 90.6532 18
      vertex 41.5135 88.2206 18
    endloop
  endfacet
  facet normal 0.89264 -0.321374 0.31609
    outer loop
      vertex 92.728 -30.1292 18
      vertex 90.6532 -35.8921 18
      vertex 95.3021 -37.7328 3
    endloop
  endfacet
  facet normal -0.944516 -0.0892794 0.3161
    outer loop
      vertex -97.3076 -6.12208 18
      vertex -101.692 -12.8467 3
      vertex -96.7312 -12.22 18
    endloop
  endfacet
  facet normal 0.911058 -0.264694 0.316087
    outer loop
      vertex 94.4369 -24.2473 18
      vertex 92.728 -30.1292 18
      vertex 97.4833 -31.6742 3
    endloop
  endfacet
  facet normal 0.944516 0.0892794 0.3161
    outer loop
      vertex 101.692 12.8467 3
      vertex 96.7312 12.22 18
      vertex 97.3076 6.12208 18
    endloop
  endfacet
  facet normal 0.670852 0.670852 0.316092
    outer loop
      vertex 66.7433 71.0744 18
      vertex 74.7193 70.1661 3
      vertex 70.1661 74.7193 3
    endloop
  endfacet
  facet normal 0.670852 0.670852 0.316092
    outer loop
      vertex 74.7193 70.1661 3
      vertex 66.7433 71.0744 18
      vertex 71.0744 66.7433 18
    endloop
  endfacet
  facet normal 0.581477 0.749647 0.316092
    outer loop
      vertex 65.336 78.9776 3
      vertex 60.248 82.9242 3
      vertex 62.1488 75.125 18
    endloop
  endfacet
  facet normal 0.845327 -0.43071 0.316086
    outer loop
      vertex 88.2206 -41.5135 18
      vertex 85.4399 -46.971 18
      vertex 89.8214 -49.3798 3
    endloop
  endfacet
  facet normal 0.925897 0.206894 0.316085
    outer loop
      vertex 99.2798 25.4907 3
      vertex 94.4369 24.2473 18
      vertex 100.684 19.2066 3
    endloop
  endfacet
  facet normal 0.711651 0.627406 0.316092
    outer loop
      vertex 74.7193 70.1661 3
      vertex 71.0744 66.7433 18
      vertex 75.125 62.1488 18
    endloop
  endfacet
  facet normal -0.711651 -0.627406 0.316092
    outer loop
      vertex -71.0744 -66.7433 18
      vertex -75.125 -62.1488 18
      vertex -74.7193 -70.1661 3
    endloop
  endfacet
  facet normal -0.670852 0.670852 0.316092
    outer loop
      vertex -74.7193 70.1661 3
      vertex -66.7433 71.0744 18
      vertex -70.1661 74.7193 3
    endloop
  endfacet
  facet normal -0.670852 0.670852 0.316092
    outer loop
      vertex -66.7433 71.0744 18
      vertex -74.7193 70.1661 3
      vertex -71.0744 66.7433 18
    endloop
  endfacet
  facet normal -0.206894 -0.925897 0.316085
    outer loop
      vertex -24.2473 -94.4369 18
      vertex -25.4907 -99.2798 3
      vertex -19.2066 -100.684 3
    endloop
  endfacet
  facet normal 0.376784 -0.870701 0.316091
    outer loop
      vertex 41.5135 -88.2206 18
      vertex 37.7328 -95.3021 3
      vertex 43.6424 -92.7448 3
    endloop
  endfacet
  facet normal 0.93703 0.148513 0.316099
    outer loop
      vertex 100.684 19.2066 3
      vertex 96.7312 12.22 18
      vertex 101.692 12.8467 3
    endloop
  endfacet
  facet normal 0.264694 -0.911058 0.316087
    outer loop
      vertex 30.1292 -92.728 18
      vertex 24.2473 -94.4369 18
      vertex 31.6742 -97.4833 3
    endloop
  endfacet
  facet normal -0.911058 0.264694 0.316087
    outer loop
      vertex -92.728 30.1292 18
      vertex -97.4833 31.6742 3
      vertex -94.4369 24.2473 18
    endloop
  endfacet
  facet normal 0.43072 -0.845321 0.316091
    outer loop
      vertex 49.3798 -89.8214 3
      vertex 41.5135 -88.2206 18
      vertex 43.6424 -92.7448 3
    endloop
  endfacet
  facet normal -0.845327 -0.43071 0.316086
    outer loop
      vertex -88.2206 -41.5135 18
      vertex -89.8214 -49.3798 3
      vertex -85.4399 -46.971 18
    endloop
  endfacet
  facet normal 0.93703 -0.148513 0.316099
    outer loop
      vertex 101.692 -12.8467 3
      vertex 96.7312 -12.22 18
      vertex 100.684 -19.2066 3
    endloop
  endfacet
  facet normal 0.0297619 -0.948258 0.316102
    outer loop
      vertex 6.12208 -97.3076 18
      vertex 0 -102.5 3
      vertex 6.43603 -102.298 3
    endloop
  endfacet
  facet normal 0 0 1
    outer loop
      vertex 97.3076 6.12208 18
      vertex 97.3076 -6.12208 18
      vertex 97.5 0 18
    endloop
  endfacet
  facet normal 0 0 1
    outer loop
      vertex 96.7312 12.22 18
      vertex 97.3076 -6.12208 18
      vertex 97.3076 6.12208 18
    endloop
  endfacet
  facet normal 0 0 1
    outer loop
      vertex 96.7312 12.22 18
      vertex 96.7312 -12.22 18
      vertex 97.3076 -6.12208 18
    endloop
  endfacet
  facet normal 0 0 1
    outer loop
      vertex 95.773 18.2697 18
      vertex 96.7312 -12.22 18
      vertex 96.7312 12.22 18
    endloop
  endfacet
  facet normal 0 0 1
    outer loop
      vertex 95.773 18.2697 18
      vertex 95.773 -18.2697 18
      vertex 96.7312 -12.22 18
    endloop
  endfacet
  facet normal 0 0 1
    outer loop
      vertex 94.4369 24.2473 18
      vertex 95.773 -18.2697 18
      vertex 95.773 18.2697 18
    endloop
  endfacet
  facet normal 0 0 1
    outer loop
      vertex 94.4369 24.2473 18
      vertex 94.4369 -24.2473 18
      vertex 95.773 -18.2697 18
    endloop
  endfacet
  facet normal 0 0 1
    outer loop
      vertex 92.728 30.1292 18
      vertex 94.4369 -24.2473 18
      vertex 94.4369 24.2473 18
    endloop
  endfacet
  facet normal 0 0 1
    outer loop
      vertex 92.728 30.1292 18
      vertex 92.728 -30.1292 18
      vertex 94.4369 -24.2473 18
    endloop
  endfacet
  facet normal 0 0 1
    outer loop
      vertex 90.6532 35.8921 18
      vertex 92.728 -30.1292 18
      vertex 92.728 30.1292 18
    endloop
  endfacet
  facet normal 0 0 1
    outer loop
      vertex 90.6532 35.8921 18
      vertex 90.6532 -35.8921 18
      vertex 92.728 -30.1292 18
    endloop
  endfacet
  facet normal 0 0 1
    outer loop
      vertex 88.2206 41.5135 18
      vertex 90.6532 -35.8921 18
      vertex 90.6532 35.8921 18
    endloop
  endfacet
  facet normal 0 0 1
    outer loop
      vertex 88.2206 41.5135 18
      vertex 88.2206 -41.5135 18
      vertex 90.6532 -35.8921 18
    endloop
  endfacet
  facet normal 0 0 1
    outer loop
      vertex 85.4399 46.971 18
      vertex 88.2206 -41.5135 18
      vertex 88.2206 41.5135 18
    endloop
  endfacet
  facet normal 0 0 1
    outer loop
      vertex 85.4399 46.971 18
      vertex 85.4399 -46.971 18
      vertex 88.2206 -41.5135 18
    endloop
  endfacet
  facet normal 0 0 1
    outer loop
      vertex 82.322 52.2431 18
      vertex 85.4399 -46.971 18
      vertex 85.4399 46.971 18
    endloop
  endfacet
  facet normal 0 0 1
    outer loop
      vertex 82.322 52.2431 18
      vertex 82.322 -52.2431 18
      vertex 85.4399 -46.971 18
    endloop
  endfacet
  facet normal 0 0 1
    outer loop
      vertex 78.8792 57.3091 18
      vertex 82.322 -52.2431 18
      vertex 82.322 52.2431 18
    endloop
  endfacet
  facet normal 0 0 1
    outer loop
      vertex 78.8792 57.3091 18
      vertex 78.8792 -57.3091 18
      vertex 82.322 -52.2431 18
    endloop
  endfacet
  facet normal 0 0 1
    outer loop
      vertex 75.125 62.1488 18
      vertex 78.8792 -57.3091 18
      vertex 78.8792 57.3091 18
    endloop
  endfacet
  facet normal 0 0 1
    outer loop
      vertex 75.125 62.1488 18
      vertex 75.125 -62.1488 18
      vertex 78.8792 -57.3091 18
    endloop
  endfacet
  facet normal 0 0 1
    outer loop
      vertex 71.0744 66.7433 18
      vertex 75.125 -62.1488 18
      vertex 75.125 62.1488 18
    endloop
  endfacet
  facet normal 0 0 1
    outer loop
      vertex 71.0744 66.7433 18
      vertex 71.0744 -66.7433 18
      vertex 75.125 -62.1488 18
    endloop
  endfacet
  facet normal 0 0 1
    outer loop
      vertex 66.7433 71.0744 18
      vertex 71.0744 -66.7433 18
      vertex 71.0744 66.7433 18
    endloop
  endfacet
  facet normal 0 0 1
    outer loop
      vertex 66.7433 71.0744 18
      vertex 66.7433 -71.0744 18
      vertex 71.0744 -66.7433 18
    endloop
  endfacet
  facet normal 0 0 1
    outer loop
      vertex 62.1488 75.125 18
      vertex 66.7433 -71.0744 18
      vertex 66.7433 71.0744 18
    endloop
  endfacet
  facet normal 0 0 1
    outer loop
      vertex 62.1488 75.125 18
      vertex 62.1488 -75.125 18
      vertex 66.7433 -71.0744 18
    endloop
  endfacet
  facet normal 0 0 1
    outer loop
      vertex 57.3091 78.8792 18
      vertex 62.1488 -75.125 18
      vertex 62.1488 75.125 18
    endloop
  endfacet
  facet normal 0 0 1
    outer loop
      vertex 57.3091 78.8792 18
      vertex 57.3091 -78.8792 18
      vertex 62.1488 -75.125 18
    endloop
  endfacet
  facet normal 0 0 1
    outer loop
      vertex 52.2431 82.322 18
      vertex 57.3091 -78.8792 18
      vertex 57.3091 78.8792 18
    endloop
  endfacet
  facet normal 0 0 1
    outer loop
      vertex 52.2431 82.322 18
      vertex 52.2431 -82.322 18
      vertex 57.3091 -78.8792 18
    endloop
  endfacet
  facet normal 0 0 1
    outer loop
      vertex 46.971 85.4399 18
      vertex 52.2431 -82.322 18
      vertex 52.2431 82.322 18
    endloop
  endfacet
  facet normal 0 0 1
    outer loop
      vertex 46.971 85.4399 18
      vertex 46.971 -85.4399 18
      vertex 52.2431 -82.322 18
    endloop
  endfacet
  facet normal 0 0 1
    outer loop
      vertex 41.5135 88.2206 18
      vertex 46.971 -85.4399 18
      vertex 46.971 85.4399 18
    endloop
  endfacet
  facet normal 0 0 1
    outer loop
      vertex 41.5135 88.2206 18
      vertex 41.5135 -88.2206 18
      vertex 46.971 -85.4399 18
    endloop
  endfacet
  facet normal 0 0 1
    outer loop
      vertex 35.8921 90.6532 18
      vertex 41.5135 -88.2206 18
      vertex 41.5135 88.2206 18
    endloop
  endfacet
  facet normal 0 0 1
    outer loop
      vertex 35.8921 90.6532 18
      vertex 35.8921 -90.6532 18
      vertex 41.5135 -88.2206 18
    endloop
  endfacet
  facet normal 0 0 1
    outer loop
      vertex 30.1292 92.728 18
      vertex 35.8921 -90.6532 18
      vertex 35.8921 90.6532 18
    endloop
  endfacet
  facet normal 0 0 1
    outer loop
      vertex 30.1292 92.728 18
      vertex 30.1292 -92.728 18
      vertex 35.8921 -90.6532 18
    endloop
  endfacet
  facet normal 0 0 1
    outer loop
      vertex 24.2473 94.4369 18
      vertex 30.1292 -92.728 18
      vertex 30.1292 92.728 18
    endloop
  endfacet
  facet normal 0 0 1
    outer loop
      vertex 24.2473 94.4369 18
      vertex 24.2473 -94.4369 18
      vertex 30.1292 -92.728 18
    endloop
  endfacet
  facet normal 0 0 1
    outer loop
      vertex 18.2697 95.773 18
      vertex 24.2473 -94.4369 18
      vertex 24.2473 94.4369 18
    endloop
  endfacet
  facet normal 0 0 1
    outer loop
      vertex 18.2697 95.773 18
      vertex 18.2697 -95.773 18
      vertex 24.2473 -94.4369 18
    endloop
  endfacet
  facet normal 0 0 1
    outer loop
      vertex 12.22 96.7312 18
      vertex 18.2697 -95.773 18
      vertex 18.2697 95.773 18
    endloop
  endfacet
  facet normal 0 0 1
    outer loop
      vertex 12.22 96.7312 18
      vertex 12.22 -96.7312 18
      vertex 18.2697 -95.773 18
    endloop
  endfacet
  facet normal 0 0 1
    outer loop
      vertex 6.12208 97.3076 18
      vertex 12.22 -96.7312 18
      vertex 12.22 96.7312 18
    endloop
  endfacet
  facet normal 0 0 1
    outer loop
      vertex 6.12208 97.3076 18
      vertex 6.12208 -97.3076 18
      vertex 12.22 -96.7312 18
    endloop
  endfacet
  facet normal 0 0 1
    outer loop
      vertex 0 97.5 18
      vertex 6.12208 -97.3076 18
      vertex 6.12208 97.3076 18
    endloop
  endfacet
  facet normal 0 0 1
    outer loop
      vertex 0 97.5 18
      vertex 0 -97.5 18
      vertex 6.12208 -97.3076 18
    endloop
  endfacet
  facet normal -0 0 1
    outer loop
      vertex -6.12208 97.3076 18
      vertex 0 -97.5 18
      vertex 0 97.5 18
    endloop
  endfacet
  facet normal 0 0 1
    outer loop
      vertex -6.12208 97.3076 18
      vertex -6.12208 -97.3076 18
      vertex 0 -97.5 18
    endloop
  endfacet
  facet normal -0 0 1
    outer loop
      vertex -12.22 96.7312 18
      vertex -6.12208 -97.3076 18
      vertex -6.12208 97.3076 18
    endloop
  endfacet
  facet normal 0 0 1
    outer loop
      vertex -12.22 96.7312 18
      vertex -12.22 -96.7312 18
      vertex -6.12208 -97.3076 18
    endloop
  endfacet
  facet normal -0 0 1
    outer loop
      vertex -18.2697 95.773 18
      vertex -12.22 -96.7312 18
      vertex -12.22 96.7312 18
    endloop
  endfacet
  facet normal 0 0 1
    outer loop
      vertex -18.2697 95.773 18
      vertex -18.2697 -95.773 18
      vertex -12.22 -96.7312 18
    endloop
  endfacet
  facet normal -0 0 1
    outer loop
      vertex -24.2473 94.4369 18
      vertex -18.2697 -95.773 18
      vertex -18.2697 95.773 18
    endloop
  endfacet
  facet normal 0 0 1
    outer loop
      vertex -24.2473 94.4369 18
      vertex -24.2473 -94.4369 18
      vertex -18.2697 -95.773 18
    endloop
  endfacet
  facet normal -0 0 1
    outer loop
      vertex -30.1292 92.728 18
      vertex -24.2473 -94.4369 18
      vertex -24.2473 94.4369 18
    endloop
  endfacet
  facet normal 0 0 1
    outer loop
      vertex -30.1292 92.728 18
      vertex -30.1292 -92.728 18
      vertex -24.2473 -94.4369 18
    endloop
  endfacet
  facet normal -0 0 1
    outer loop
      vertex -35.8921 90.6532 18
      vertex -30.1292 -92.728 18
      vertex -30.1292 92.728 18
    endloop
  endfacet
  facet normal 0 0 1
    outer loop
      vertex -35.8921 90.6532 18
      vertex -35.8921 -90.6532 18
      vertex -30.1292 -92.728 18
    endloop
  endfacet
  facet normal -0 0 1
    outer loop
      vertex -41.5135 88.2206 18
      vertex -35.8921 -90.6532 18
      vertex -35.8921 90.6532 18
    endloop
  endfacet
  facet normal 0 0 1
    outer loop
      vertex -41.5135 88.2206 18
      vertex -41.5135 -88.2206 18
      vertex -35.8921 -90.6532 18
    endloop
  endfacet
  facet normal -0 0 1
    outer loop
      vertex -46.971 85.4399 18
      vertex -41.5135 -88.2206 18
      vertex -41.5135 88.2206 18
    endloop
  endfacet
  facet normal 0 0 1
    outer loop
      vertex -46.971 85.4399 18
      vertex -46.971 -85.4399 18
      vertex -41.5135 -88.2206 18
    endloop
  endfacet
  facet normal -0 0 1
    outer loop
      vertex -52.2431 82.322 18
      vertex -46.971 -85.4399 18
      vertex -46.971 85.4399 18
    endloop
  endfacet
  facet normal 0 0 1
    outer loop
      vertex -52.2431 82.322 18
      vertex -52.2431 -82.322 18
      vertex -46.971 -85.4399 18
    endloop
  endfacet
  facet normal -0 0 1
    outer loop
      vertex -57.3091 78.8792 18
      vertex -52.2431 -82.322 18
      vertex -52.2431 82.322 18
    endloop
  endfacet
  facet normal 0 0 1
    outer loop
      vertex -57.3091 78.8792 18
      vertex -57.3091 -78.8792 18
      vertex -52.2431 -82.322 18
    endloop
  endfacet
  facet normal -0 0 1
    outer loop
      vertex -62.1488 75.125 18
      vertex -57.3091 -78.8792 18
      vertex -57.3091 78.8792 18
    endloop
  endfacet
  facet normal 0 0 1
    outer loop
      vertex -62.1488 75.125 18
      vertex -62.1488 -75.125 18
      vertex -57.3091 -78.8792 18
    endloop
  endfacet
  facet normal -0 0 1
    outer loop
      vertex -66.7433 71.0744 18
      vertex -62.1488 -75.125 18
      vertex -62.1488 75.125 18
    endloop
  endfacet
  facet normal 0 0 1
    outer loop
      vertex -66.7433 71.0744 18
      vertex -66.7433 -71.0744 18
      vertex -62.1488 -75.125 18
    endloop
  endfacet
  facet normal -0 0 1
    outer loop
      vertex -71.0744 66.7433 18
      vertex -66.7433 -71.0744 18
      vertex -66.7433 71.0744 18
    endloop
  endfacet
  facet normal 0 0 1
    outer loop
      vertex -71.0744 66.7433 18
      vertex -71.0744 -66.7433 18
      vertex -66.7433 -71.0744 18
    endloop
  endfacet
  facet normal -0 0 1
    outer loop
      vertex -75.125 62.1488 18
      vertex -71.0744 -66.7433 18
      vertex -71.0744 66.7433 18
    endloop
  endfacet
  facet normal 0 0 1
    outer loop
      vertex -75.125 62.1488 18
      vertex -75.125 -62.1488 18
      vertex -71.0744 -66.7433 18
    endloop
  endfacet
  facet normal -0 0 1
    outer loop
      vertex -78.8792 57.3091 18
      vertex -75.125 -62.1488 18
      vertex -75.125 62.1488 18
    endloop
  endfacet
  facet normal 0 0 1
    outer loop
      vertex -78.8792 57.3091 18
      vertex -78.8792 -57.3091 18
      vertex -75.125 -62.1488 18
    endloop
  endfacet
  facet normal -0 0 1
    outer loop
      vertex -82.322 52.2431 18
      vertex -78.8792 -57.3091 18
      vertex -78.8792 57.3091 18
    endloop
  endfacet
  facet normal 0 0 1
    outer loop
      vertex -82.322 52.2431 18
      vertex -82.322 -52.2431 18
      vertex -78.8792 -57.3091 18
    endloop
  endfacet
  facet normal -0 0 1
    outer loop
      vertex -85.4399 46.971 18
      vertex -82.322 -52.2431 18
      vertex -82.322 52.2431 18
    endloop
  endfacet
  facet normal 0 0 1
    outer loop
      vertex -85.4399 46.971 18
      vertex -85.4399 -46.971 18
      vertex -82.322 -52.2431 18
    endloop
  endfacet
  facet normal -0 0 1
    outer loop
      vertex -88.2206 41.5135 18
      vertex -85.4399 -46.971 18
      vertex -85.4399 46.971 18
    endloop
  endfacet
  facet normal 0 0 1
    outer loop
      vertex -88.2206 41.5135 18
      vertex -88.2206 -41.5135 18
      vertex -85.4399 -46.971 18
    endloop
  endfacet
  facet normal -0 0 1
    outer loop
      vertex -90.6532 35.8921 18
      vertex -88.2206 -41.5135 18
      vertex -88.2206 41.5135 18
    endloop
  endfacet
  facet normal 0 0 1
    outer loop
      vertex -90.6532 35.8921 18
      vertex -90.6532 -35.8921 18
      vertex -88.2206 -41.5135 18
    endloop
  endfacet
  facet normal -0 0 1
    outer loop
      vertex -92.728 30.1292 18
      vertex -90.6532 -35.8921 18
      vertex -90.6532 35.8921 18
    endloop
  endfacet
  facet normal 0 0 1
    outer loop
      vertex -92.728 30.1292 18
      vertex -92.728 -30.1292 18
      vertex -90.6532 -35.8921 18
    endloop
  endfacet
  facet normal -0 0 1
    outer loop
      vertex -94.4369 24.2473 18
      vertex -92.728 -30.1292 18
      vertex -92.728 30.1292 18
    endloop
  endfacet
  facet normal 0 0 1
    outer loop
      vertex -94.4369 24.2473 18
      vertex -94.4369 -24.2473 18
      vertex -92.728 -30.1292 18
    endloop
  endfacet
  facet normal -0 0 1
    outer loop
      vertex -95.773 18.2697 18
      vertex -94.4369 -24.2473 18
      vertex -94.4369 24.2473 18
    endloop
  endfacet
  facet normal 0 0 1
    outer loop
      vertex -95.773 18.2697 18
      vertex -95.773 -18.2697 18
      vertex -94.4369 -24.2473 18
    endloop
  endfacet
  facet normal -0 0 1
    outer loop
      vertex -96.7312 12.22 18
      vertex -95.773 -18.2697 18
      vertex -95.773 18.2697 18
    endloop
  endfacet
  facet normal 0 0 1
    outer loop
      vertex -96.7312 12.22 18
      vertex -96.7312 -12.22 18
      vertex -95.773 -18.2697 18
    endloop
  endfacet
  facet normal -0 0 1
    outer loop
      vertex -97.3076 6.12208 18
      vertex -96.7312 -12.22 18
      vertex -96.7312 12.22 18
    endloop
  endfacet
  facet normal 0 0 1
    outer loop
      vertex -97.3076 6.12208 18
      vertex -97.3076 -6.12208 18
      vertex -96.7312 -12.22 18
    endloop
  endfacet
  facet normal 0 -0 1
    outer loop
      vertex -97.3076 -6.12208 18
      vertex -97.3076 6.12208 18
      vertex -97.5 0 18
    endloop
  endfacet
  facet normal -0.627405 0.711652 0.316092
    outer loop
      vertex -65.336 78.9776 3
      vertex -70.1661 74.7193 3
      vertex -62.1488 75.125 18
    endloop
  endfacet
  facet normal 0.627406 0.711651 0.316092
    outer loop
      vertex 70.1661 74.7193 3
      vertex 62.1488 75.125 18
      vertex 66.7433 71.0744 18
    endloop
  endfacet
  facet normal 0.482942 0.816613 0.316087
    outer loop
      vertex 49.3798 89.8214 3
      vertex 46.971 85.4399 18
      vertex 52.2431 82.322 18
    endloop
  endfacet
  facet normal -0.0892849 0.944514 0.316102
    outer loop
      vertex -6.43603 102.298 3
      vertex -12.8467 101.692 3
      vertex -6.12208 97.3076 18
    endloop
  endfacet
  facet normal 0.43071 -0.845327 0.316086
    outer loop
      vertex 46.971 -85.4399 18
      vertex 41.5135 -88.2206 18
      vertex 49.3798 -89.8214 3
    endloop
  endfacet
  facet normal 0.0297619 0.948258 0.316102
    outer loop
      vertex 6.43603 102.298 3
      vertex 0 102.5 3
      vertex 6.12208 97.3076 18
    endloop
  endfacet
  facet normal 0.892644 -0.321367 0.316087
    outer loop
      vertex 97.4833 -31.6742 3
      vertex 92.728 -30.1292 18
      vertex 95.3021 -37.7328 3
    endloop
  endfacet
  facet normal 0.816611 0.482947 0.316084
    outer loop
      vertex 86.5436 54.9222 3
      vertex 82.322 52.2431 18
      vertex 89.8214 49.3798 3
    endloop
  endfacet
  facet normal -0.148513 0.93703 0.316099
    outer loop
      vertex -12.8467 101.692 3
      vertex -19.2066 100.684 3
      vertex -12.22 96.7312 18
    endloop
  endfacet
  facet normal 0.0892794 -0.944516 0.3161
    outer loop
      vertex 12.22 -96.7312 18
      vertex 6.12208 -97.3076 18
      vertex 12.8467 -101.692 3
    endloop
  endfacet
  facet normal -0.93703 -0.148513 0.316099
    outer loop
      vertex -96.7312 -12.22 18
      vertex -101.692 -12.8467 3
      vertex -100.684 -19.2066 3
    endloop
  endfacet
  facet normal 0.482947 -0.816611 0.316084
    outer loop
      vertex 52.2431 -82.322 18
      vertex 49.3798 -89.8214 3
      vertex 54.9222 -86.5436 3
    endloop
  endfacet
  facet normal -0.0298012 0.948262 0.316087
    outer loop
      vertex 0 102.5 3
      vertex -6.12208 97.3076 18
      vertex 0 97.5 18
    endloop
  endfacet
  facet normal 0.321374 0.89264 0.31609
    outer loop
      vertex 37.7328 95.3021 3
      vertex 30.1292 92.728 18
      vertex 35.8921 90.6532 18
    endloop
  endfacet
  facet normal 0.816613 -0.482942 0.316087
    outer loop
      vertex 85.4399 -46.971 18
      vertex 82.322 -52.2431 18
      vertex 89.8214 -49.3798 3
    endloop
  endfacet
  facet normal -0.264691 -0.911059 0.316086
    outer loop
      vertex -24.2473 -94.4369 18
      vertex -31.6742 -97.4833 3
      vertex -25.4907 -99.2798 3
    endloop
  endfacet
  facet normal 0.711652 0.627405 0.316092
    outer loop
      vertex 78.9776 65.336 3
      vertex 74.7193 70.1661 3
      vertex 75.125 62.1488 18
    endloop
  endfacet
  facet normal 0.533261 0.784681 0.316084
    outer loop
      vertex 54.9222 86.5436 3
      vertex 52.2431 82.322 18
      vertex 57.3091 78.8792 18
    endloop
  endfacet
  facet normal 0.784678 -0.533265 0.316082
    outer loop
      vertex 86.5436 -54.9222 3
      vertex 78.8792 -57.3091 18
      vertex 82.9242 -60.248 3
    endloop
  endfacet
  facet normal 0.784678 0.533265 0.316082
    outer loop
      vertex 82.9242 60.248 3
      vertex 78.8792 57.3091 18
      vertex 86.5436 54.9222 3
    endloop
  endfacet
  facet normal -0.533261 -0.784681 0.316084
    outer loop
      vertex -52.2431 -82.322 18
      vertex -57.3091 -78.8792 18
      vertex -54.9222 -86.5436 3
    endloop
  endfacet
  facet normal 0.948258 -0.0297619 0.316102
    outer loop
      vertex 102.5 0 3
      vertex 97.3076 -6.12208 18
      vertex 102.298 -6.43603 3
    endloop
  endfacet
  facet normal 0.948262 -0.0298012 0.316087
    outer loop
      vertex 97.5 0 18
      vertex 97.3076 -6.12208 18
      vertex 102.5 0 3
    endloop
  endfacet
  facet normal -0.948262 -0.0298012 0.316087
    outer loop
      vertex -97.5 0 18
      vertex -102.5 0 3
      vertex -97.3076 -6.12208 18
    endloop
  endfacet
  facet normal -0.892644 -0.321367 0.316087
    outer loop
      vertex -92.728 -30.1292 18
      vertex -97.4833 -31.6742 3
      vertex -95.3021 -37.7328 3
    endloop
  endfacet
  facet normal -0.749647 -0.581477 0.316092
    outer loop
      vertex -75.125 -62.1488 18
      vertex -82.9242 -60.248 3
      vertex -78.9776 -65.336 3
    endloop
  endfacet
  facet normal 0.533265 0.784678 0.316082
    outer loop
      vertex 60.248 82.9242 3
      vertex 54.9222 86.5436 3
      vertex 57.3091 78.8792 18
    endloop
  endfacet
  facet normal 0.749647 -0.581477 0.316092
    outer loop
      vertex 82.9242 -60.248 3
      vertex 75.125 -62.1488 18
      vertex 78.9776 -65.336 3
    endloop
  endfacet
  facet normal 0.749634 -0.581498 0.316082
    outer loop
      vertex 78.8792 -57.3091 18
      vertex 75.125 -62.1488 18
      vertex 82.9242 -60.248 3
    endloop
  endfacet
  facet normal 0.376784 0.870701 0.316091
    outer loop
      vertex 43.6424 92.7448 3
      vertex 37.7328 95.3021 3
      vertex 41.5135 88.2206 18
    endloop
  endfacet
  facet normal 0.321367 0.892644 0.316087
    outer loop
      vertex 31.6742 97.4833 3
      vertex 30.1292 92.728 18
      vertex 37.7328 95.3021 3
    endloop
  endfacet
  facet normal 0.892644 0.321367 0.316087
    outer loop
      vertex 95.3021 37.7328 3
      vertex 92.728 30.1292 18
      vertex 97.4833 31.6742 3
    endloop
  endfacet
  facet normal 0.911058 0.264694 0.316087
    outer loop
      vertex 97.4833 31.6742 3
      vertex 92.728 30.1292 18
      vertex 94.4369 24.2473 18
    endloop
  endfacet
  facet normal -0.321374 -0.89264 0.31609
    outer loop
      vertex -35.8921 -90.6532 18
      vertex -37.7328 -95.3021 3
      vertex -30.1292 -92.728 18
    endloop
  endfacet
  facet normal -0.321367 -0.892644 0.316087
    outer loop
      vertex -30.1292 -92.728 18
      vertex -37.7328 -95.3021 3
      vertex -31.6742 -97.4833 3
    endloop
  endfacet
  facet normal 0.8707 0.376786 0.31609
    outer loop
      vertex 95.3021 37.7328 3
      vertex 88.2206 41.5135 18
      vertex 90.6532 35.8921 18
    endloop
  endfacet
  facet normal 0.43072 0.845321 0.316091
    outer loop
      vertex 43.6424 92.7448 3
      vertex 41.5135 88.2206 18
      vertex 49.3798 89.8214 3
    endloop
  endfacet
  facet normal -0.376786 -0.8707 0.31609
    outer loop
      vertex -35.8921 -90.6532 18
      vertex -41.5135 -88.2206 18
      vertex -37.7328 -95.3021 3
    endloop
  endfacet
  facet normal 0.0892794 0.944516 0.3161
    outer loop
      vertex 12.8467 101.692 3
      vertex 6.12208 97.3076 18
      vertex 12.22 96.7312 18
    endloop
  endfacet
  facet normal 0.206894 0.925897 0.316085
    outer loop
      vertex 25.4907 99.2798 3
      vertex 19.2066 100.684 3
      vertex 24.2473 94.4369 18
    endloop
  endfacet
  facet normal 0.482942 -0.816613 0.316087
    outer loop
      vertex 52.2431 -82.322 18
      vertex 46.971 -85.4399 18
      vertex 49.3798 -89.8214 3
    endloop
  endfacet
  facet normal 0.0298012 0.948262 0.316087
    outer loop
      vertex 0 102.5 3
      vertex 0 97.5 18
      vertex 6.12208 97.3076 18
    endloop
  endfacet
  facet normal -0.264694 -0.911058 0.316087
    outer loop
      vertex -30.1292 -92.728 18
      vertex -31.6742 -97.4833 3
      vertex -24.2473 -94.4369 18
    endloop
  endfacet
  facet normal 0.0892849 0.944514 0.316102
    outer loop
      vertex 6.43603 102.298 3
      vertex 6.12208 97.3076 18
      vertex 12.8467 101.692 3
    endloop
  endfacet
  facet normal 0.43071 0.845327 0.316086
    outer loop
      vertex 49.3798 89.8214 3
      vertex 41.5135 88.2206 18
      vertex 46.971 85.4399 18
    endloop
  endfacet
  facet normal -0.711651 0.627406 0.316092
    outer loop
      vertex -74.7193 70.1661 3
      vertex -75.125 62.1488 18
      vertex -71.0744 66.7433 18
    endloop
  endfacet
  facet normal -0.0892794 0.944516 0.3161
    outer loop
      vertex -6.12208 97.3076 18
      vertex -12.8467 101.692 3
      vertex -12.22 96.7312 18
    endloop
  endfacet
  facet normal -0.816613 -0.482942 0.316087
    outer loop
      vertex -85.4399 -46.971 18
      vertex -89.8214 -49.3798 3
      vertex -82.322 -52.2431 18
    endloop
  endfacet
  facet normal -0.8707 -0.376786 0.31609
    outer loop
      vertex -90.6532 -35.8921 18
      vertex -95.3021 -37.7328 3
      vertex -88.2206 -41.5135 18
    endloop
  endfacet
  facet normal -0.870701 0.376784 0.316091
    outer loop
      vertex -92.7448 43.6424 3
      vertex -95.3021 37.7328 3
      vertex -88.2206 41.5135 18
    endloop
  endfacet
  facet normal -0.533265 -0.784678 0.316082
    outer loop
      vertex -57.3091 -78.8792 18
      vertex -60.248 -82.9242 3
      vertex -54.9222 -86.5436 3
    endloop
  endfacet
  facet normal 0.711652 -0.627405 0.316092
    outer loop
      vertex 75.125 -62.1488 18
      vertex 74.7193 -70.1661 3
      vertex 78.9776 -65.336 3
    endloop
  endfacet
  facet normal -0.581477 0.749647 0.316092
    outer loop
      vertex -60.248 82.9242 3
      vertex -65.336 78.9776 3
      vertex -62.1488 75.125 18
    endloop
  endfacet
  facet normal -0.0298012 -0.948262 0.316087
    outer loop
      vertex 0 -97.5 18
      vertex -6.12208 -97.3076 18
      vertex 0 -102.5 3
    endloop
  endfacet
  facet normal 0.845321 -0.43072 0.316091
    outer loop
      vertex 92.7448 -43.6424 3
      vertex 88.2206 -41.5135 18
      vertex 89.8214 -49.3798 3
    endloop
  endfacet
  facet normal 0.784681 0.533261 0.316084
    outer loop
      vertex 86.5436 54.9222 3
      vertex 78.8792 57.3091 18
      vertex 82.322 52.2431 18
    endloop
  endfacet
  facet normal 0.0298012 -0.948262 0.316087
    outer loop
      vertex 0 -97.5 18
      vertex 0 -102.5 3
      vertex 6.12208 -97.3076 18
    endloop
  endfacet
  facet normal 0.0892849 -0.944514 0.316102
    outer loop
      vertex 12.8467 -101.692 3
      vertex 6.12208 -97.3076 18
      vertex 6.43603 -102.298 3
    endloop
  endfacet
  facet normal -0.870701 -0.376784 0.316091
    outer loop
      vertex -88.2206 -41.5135 18
      vertex -95.3021 -37.7328 3
      vertex -92.7448 -43.6424 3
    endloop
  endfacet
  facet normal 0.533265 -0.784678 0.316082
    outer loop
      vertex 57.3091 -78.8792 18
      vertex 54.9222 -86.5436 3
      vertex 60.248 -82.9242 3
    endloop
  endfacet
  facet normal -0.749634 -0.581498 0.316082
    outer loop
      vertex -78.8792 -57.3091 18
      vertex -82.9242 -60.248 3
      vertex -75.125 -62.1488 18
    endloop
  endfacet
  facet normal -0.533261 0.784681 0.316084
    outer loop
      vertex -54.9222 86.5436 3
      vertex -57.3091 78.8792 18
      vertex -52.2431 82.322 18
    endloop
  endfacet
  facet normal -0.0892794 -0.944516 0.3161
    outer loop
      vertex -12.22 -96.7312 18
      vertex -12.8467 -101.692 3
      vertex -6.12208 -97.3076 18
    endloop
  endfacet
  facet normal 0.937057 -0.148419 0.316063
    outer loop
      vertex 96.7312 -12.22 18
      vertex 95.773 -18.2697 18
      vertex 100.684 -19.2066 3
    endloop
  endfacet
  facet normal -0.0297619 -0.948258 0.316102
    outer loop
      vertex -6.12208 -97.3076 18
      vertex -6.43603 -102.298 3
      vertex 0 -102.5 3
    endloop
  endfacet
  facet normal -0.948258 0.0297619 0.316102
    outer loop
      vertex -102.298 6.43603 3
      vertex -102.5 0 3
      vertex -97.3076 6.12208 18
    endloop
  endfacet
  facet normal 0.944516 -0.0892794 0.3161
    outer loop
      vertex 97.3076 -6.12208 18
      vertex 96.7312 -12.22 18
      vertex 101.692 -12.8467 3
    endloop
  endfacet
  facet normal 0.321367 -0.892644 0.316087
    outer loop
      vertex 37.7328 -95.3021 3
      vertex 30.1292 -92.728 18
      vertex 31.6742 -97.4833 3
    endloop
  endfacet
  facet normal 0.264691 -0.911059 0.316086
    outer loop
      vertex 31.6742 -97.4833 3
      vertex 24.2473 -94.4369 18
      vertex 25.4907 -99.2798 3
    endloop
  endfacet
  facet normal -0.148419 0.937057 0.316063
    outer loop
      vertex -12.22 96.7312 18
      vertex -19.2066 100.684 3
      vertex -18.2697 95.773 18
    endloop
  endfacet
  facet normal 0.711651 -0.627406 0.316092
    outer loop
      vertex 75.125 -62.1488 18
      vertex 71.0744 -66.7433 18
      vertex 74.7193 -70.1661 3
    endloop
  endfacet
  facet normal -0.43072 0.845321 0.316091
    outer loop
      vertex -43.6424 92.7448 3
      vertex -49.3798 89.8214 3
      vertex -41.5135 88.2206 18
    endloop
  endfacet
  facet normal -0.376784 0.870701 0.316091
    outer loop
      vertex -37.7328 95.3021 3
      vertex -43.6424 92.7448 3
      vertex -41.5135 88.2206 18
    endloop
  endfacet
  facet normal 0.749634 0.581498 0.316082
    outer loop
      vertex 82.9242 60.248 3
      vertex 75.125 62.1488 18
      vertex 78.8792 57.3091 18
    endloop
  endfacet
  facet normal -0.43072 -0.845321 0.316091
    outer loop
      vertex -41.5135 -88.2206 18
      vertex -49.3798 -89.8214 3
      vertex -43.6424 -92.7448 3
    endloop
  endfacet
  facet normal -0.8707 0.376786 0.31609
    outer loop
      vertex -88.2206 41.5135 18
      vertex -95.3021 37.7328 3
      vertex -90.6532 35.8921 18
    endloop
  endfacet
  facet normal 0.749647 0.581477 0.316092
    outer loop
      vertex 78.9776 65.336 3
      vertex 75.125 62.1488 18
      vertex 82.9242 60.248 3
    endloop
  endfacet
  facet normal -0.816613 0.482942 0.316087
    outer loop
      vertex -82.322 52.2431 18
      vertex -89.8214 49.3798 3
      vertex -85.4399 46.971 18
    endloop
  endfacet
  facet normal -0.845321 0.43072 0.316091
    outer loop
      vertex -89.8214 49.3798 3
      vertex -92.7448 43.6424 3
      vertex -88.2206 41.5135 18
    endloop
  endfacet
  facet normal -0.321367 0.892644 0.316087
    outer loop
      vertex -31.6742 97.4833 3
      vertex -37.7328 95.3021 3
      vertex -30.1292 92.728 18
    endloop
  endfacet
  facet normal -0.784678 0.533265 0.316082
    outer loop
      vertex -82.9242 60.248 3
      vertex -86.5436 54.9222 3
      vertex -78.8792 57.3091 18
    endloop
  endfacet
  facet normal -0.784681 0.533261 0.316084
    outer loop
      vertex -78.8792 57.3091 18
      vertex -86.5436 54.9222 3
      vertex -82.322 52.2431 18
    endloop
  endfacet
  facet normal -0.376786 0.8707 0.31609
    outer loop
      vertex -37.7328 95.3021 3
      vertex -41.5135 88.2206 18
      vertex -35.8921 90.6532 18
    endloop
  endfacet
  facet normal -0.911059 0.264691 0.316086
    outer loop
      vertex -97.4833 31.6742 3
      vertex -99.2798 25.4907 3
      vertex -94.4369 24.2473 18
    endloop
  endfacet
  facet normal -0.206894 0.925897 0.316085
    outer loop
      vertex -19.2066 100.684 3
      vertex -25.4907 99.2798 3
      vertex -24.2473 94.4369 18
    endloop
  endfacet
  facet normal -0.944514 0.0892849 0.316102
    outer loop
      vertex -101.692 12.8467 3
      vertex -102.298 6.43603 3
      vertex -97.3076 6.12208 18
    endloop
  endfacet
  facet normal -0.948262 0.0298012 0.316087
    outer loop
      vertex -97.3076 6.12208 18
      vertex -102.5 0 3
      vertex -97.5 0 18
    endloop
  endfacet
  facet normal -0.43071 0.845327 0.316086
    outer loop
      vertex -41.5135 88.2206 18
      vertex -49.3798 89.8214 3
      vertex -46.971 85.4399 18
    endloop
  endfacet
  facet normal -0.911059 -0.264691 0.316086
    outer loop
      vertex -94.4369 -24.2473 18
      vertex -99.2798 -25.4907 3
      vertex -97.4833 -31.6742 3
    endloop
  endfacet
  facet normal -0.43071 -0.845327 0.316086
    outer loop
      vertex -46.971 -85.4399 18
      vertex -49.3798 -89.8214 3
      vertex -41.5135 -88.2206 18
    endloop
  endfacet
  facet normal 0.670852 -0.670852 0.316092
    outer loop
      vertex 66.7433 -71.0744 18
      vertex 74.7193 -70.1661 3
      vertex 71.0744 -66.7433 18
    endloop
  endfacet
  facet normal 0.670852 -0.670852 0.316092
    outer loop
      vertex 74.7193 -70.1661 3
      vertex 66.7433 -71.0744 18
      vertex 70.1661 -74.7193 3
    endloop
  endfacet
  facet normal -0.749634 0.581498 0.316082
    outer loop
      vertex -75.125 62.1488 18
      vertex -82.9242 60.248 3
      vertex -78.8792 57.3091 18
    endloop
  endfacet
  facet normal -0.148513 -0.93703 0.316099
    outer loop
      vertex -12.22 -96.7312 18
      vertex -19.2066 -100.684 3
      vertex -12.8467 -101.692 3
    endloop
  endfacet
  facet normal -0.482947 0.816611 0.316084
    outer loop
      vertex -49.3798 89.8214 3
      vertex -54.9222 86.5436 3
      vertex -52.2431 82.322 18
    endloop
  endfacet
  facet normal -0.0892849 -0.944514 0.316102
    outer loop
      vertex -6.12208 -97.3076 18
      vertex -12.8467 -101.692 3
      vertex -6.43603 -102.298 3
    endloop
  endfacet
  facet normal -0.911058 -0.264694 0.316087
    outer loop
      vertex -94.4369 -24.2473 18
      vertex -97.4833 -31.6742 3
      vertex -92.728 -30.1292 18
    endloop
  endfacet
  facet normal -0.784678 -0.533265 0.316082
    outer loop
      vertex -78.8792 -57.3091 18
      vertex -86.5436 -54.9222 3
      vertex -82.9242 -60.248 3
    endloop
  endfacet
  facet normal -0.376784 -0.870701 0.316091
    outer loop
      vertex -41.5135 -88.2206 18
      vertex -43.6424 -92.7448 3
      vertex -37.7328 -95.3021 3
    endloop
  endfacet
  facet normal -0.89264 -0.321374 0.31609
    outer loop
      vertex -92.728 -30.1292 18
      vertex -95.3021 -37.7328 3
      vertex -90.6532 -35.8921 18
    endloop
  endfacet
  facet normal 0.581498 -0.749634 0.316082
    outer loop
      vertex 62.1488 -75.125 18
      vertex 57.3091 -78.8792 18
      vertex 60.248 -82.9242 3
    endloop
  endfacet
  facet normal -0.581498 -0.749634 0.316082
    outer loop
      vertex -57.3091 -78.8792 18
      vertex -62.1488 -75.125 18
      vertex -60.248 -82.9242 3
    endloop
  endfacet
  facet normal -0.482942 0.816613 0.316087
    outer loop
      vertex -49.3798 89.8214 3
      vertex -52.2431 82.322 18
      vertex -46.971 85.4399 18
    endloop
  endfacet
  facet normal -0.627405 -0.711652 0.316092
    outer loop
      vertex -62.1488 -75.125 18
      vertex -70.1661 -74.7193 3
      vertex -65.336 -78.9776 3
    endloop
  endfacet
  facet normal -0.93703 0.148513 0.316099
    outer loop
      vertex -100.684 19.2066 3
      vertex -101.692 12.8467 3
      vertex -96.7312 12.22 18
    endloop
  endfacet
  facet normal 0.627405 -0.711652 0.316092
    outer loop
      vertex 70.1661 -74.7193 3
      vertex 62.1488 -75.125 18
      vertex 65.336 -78.9776 3
    endloop
  endfacet
  facet normal 0.627406 -0.711651 0.316092
    outer loop
      vertex 66.7433 -71.0744 18
      vertex 62.1488 -75.125 18
      vertex 70.1661 -74.7193 3
    endloop
  endfacet
  facet normal -0.581498 0.749634 0.316082
    outer loop
      vertex -60.248 82.9242 3
      vertex -62.1488 75.125 18
      vertex -57.3091 78.8792 18
    endloop
  endfacet
  facet normal 0.148513 0.93703 0.316099
    outer loop
      vertex 12.8467 101.692 3
      vertex 12.22 96.7312 18
      vertex 19.2066 100.684 3
    endloop
  endfacet
  facet normal -0.937057 0.148419 0.316063
    outer loop
      vertex -95.773 18.2697 18
      vertex -100.684 19.2066 3
      vertex -96.7312 12.22 18
    endloop
  endfacet
  facet normal -0.627406 -0.711651 0.316092
    outer loop
      vertex -66.7433 -71.0744 18
      vertex -70.1661 -74.7193 3
      vertex -62.1488 -75.125 18
    endloop
  endfacet
  facet normal -0.89264 0.321374 0.31609
    outer loop
      vertex -90.6532 35.8921 18
      vertex -95.3021 37.7328 3
      vertex -92.728 30.1292 18
    endloop
  endfacet
  facet normal -0.944516 0.0892794 0.3161
    outer loop
      vertex -96.7312 12.22 18
      vertex -101.692 12.8467 3
      vertex -97.3076 6.12208 18
    endloop
  endfacet
  facet normal -0.670852 -0.670852 0.316092
    outer loop
      vertex -74.7193 -70.1661 3
      vertex -66.7433 -71.0744 18
      vertex -71.0744 -66.7433 18
    endloop
  endfacet
  facet normal -0.670852 -0.670852 0.316092
    outer loop
      vertex -66.7433 -71.0744 18
      vertex -74.7193 -70.1661 3
      vertex -70.1661 -74.7193 3
    endloop
  endfacet
  facet normal -0.264694 0.911058 0.316087
    outer loop
      vertex -24.2473 94.4369 18
      vertex -31.6742 97.4833 3
      vertex -30.1292 92.728 18
    endloop
  endfacet
  facet normal -0.206953 0.925891 0.316063
    outer loop
      vertex -19.2066 100.684 3
      vertex -24.2473 94.4369 18
      vertex -18.2697 95.773 18
    endloop
  endfacet
  facet normal -0.482942 -0.816613 0.316087
    outer loop
      vertex -46.971 -85.4399 18
      vertex -52.2431 -82.322 18
      vertex -49.3798 -89.8214 3
    endloop
  endfacet
  facet normal -0.482947 -0.816611 0.316084
    outer loop
      vertex -52.2431 -82.322 18
      vertex -54.9222 -86.5436 3
      vertex -49.3798 -89.8214 3
    endloop
  endfacet
  facet normal -0.581477 -0.749647 0.316092
    outer loop
      vertex -62.1488 -75.125 18
      vertex -65.336 -78.9776 3
      vertex -60.248 -82.9242 3
    endloop
  endfacet
  facet normal -0.264691 0.911059 0.316086
    outer loop
      vertex -25.4907 99.2798 3
      vertex -31.6742 97.4833 3
      vertex -24.2473 94.4369 18
    endloop
  endfacet
  facet normal 0.661313 -0.75011 0
    outer loop
      vertex -63.3206 67.4296 2.9
      vertex -58.9617 71.2725 3
      vertex -63.3206 67.4296 3
    endloop
  endfacet
  facet normal 0.661313 -0.75011 0
    outer loop
      vertex -58.9617 71.2725 3
      vertex -63.3206 67.4296 2.9
      vertex -58.9617 71.2725 2.9
    endloop
  endfacet
  facet normal -0.999507 0.031406 0
    outer loop
      vertex 92.3175 -5.80812 2.9
      vertex 92.5 0 3
      vertex 92.5 0 2.9
    endloop
  endfacet
  facet normal -0.999507 0.031406 0
    outer loop
      vertex 92.5 0 3
      vertex 92.3175 -5.80812 2.9
      vertex 92.3175 -5.80812 3
    endloop
  endfacet
  facet normal -0.995561 -0.094115 0
    outer loop
      vertex 92.3175 5.80812 2.9
      vertex 91.7706 11.5933 3
      vertex 91.7706 11.5933 2.9
    endloop
  endfacet
  facet normal -0.995561 -0.094115 0
    outer loop
      vertex 91.7706 11.5933 3
      vertex 92.3175 5.80812 2.9
      vertex 92.3175 5.80812 3
    endloop
  endfacet
  facet normal -0.999507 -0.031406 0
    outer loop
      vertex 92.5 0 2.9
      vertex 92.3175 5.80812 3
      vertex 92.3175 5.80812 2.9
    endloop
  endfacet
  facet normal -0.999507 -0.031406 0
    outer loop
      vertex 92.3175 5.80812 3
      vertex 92.5 0 2.9
      vertex 92.5 0 3
    endloop
  endfacet
  facet normal -0.453988 0.891008 0
    outer loop
      vertex 44.5622 -81.0584 2.9
      vertex 39.3846 -83.6965 3
      vertex 44.5622 -81.0584 3
    endloop
  endfacet
  facet normal -0.453988 0.891008 0
    outer loop
      vertex 39.3846 -83.6965 3
      vertex 44.5622 -81.0584 2.9
      vertex 39.3846 -83.6965 2.9
    endloop
  endfacet
  facet normal 0.278987 0.960295 -0
    outer loop
      vertex -23.0038 -89.5939 2.9
      vertex -28.5841 -87.9727 3
      vertex -23.0038 -89.5939 3
    endloop
  endfacet
  facet normal 0.278987 0.960295 0
    outer loop
      vertex -28.5841 -87.9727 3
      vertex -23.0038 -89.5939 2.9
      vertex -28.5841 -87.9727 2.9
    endloop
  endfacet
  facet normal -0.218157 0.975914 0
    outer loop
      vertex 23.0038 -89.5939 2.9
      vertex 17.3328 -90.8616 3
      vertex 23.0038 -89.5939 3
    endloop
  endfacet
  facet normal -0.218157 0.975914 0
    outer loop
      vertex 17.3328 -90.8616 3
      vertex 23.0038 -89.5939 2.9
      vertex 17.3328 -90.8616 2.9
    endloop
  endfacet
  facet normal -0.031406 0.999507 0
    outer loop
      vertex 5.80812 -92.3175 2.9
      vertex 0 -92.5 3
      vertex 5.80812 -92.3175 3
    endloop
  endfacet
  facet normal -0.031406 0.999507 0
    outer loop
      vertex 0 -92.5 3
      vertex 5.80812 -92.3175 2.9
      vertex 0 -92.5 2.9
    endloop
  endfacet
  facet normal 0.453988 -0.891008 0
    outer loop
      vertex -44.5622 81.0584 2.9
      vertex -39.3846 83.6965 3
      vertex -44.5622 81.0584 3
    endloop
  endfacet
  facet normal 0.453988 -0.891008 0
    outer loop
      vertex -39.3846 83.6965 3
      vertex -44.5622 81.0584 2.9
      vertex -39.3846 83.6965 2.9
    endloop
  endfacet
  facet normal 0.790156 0.612906 0
    outer loop
      vertex -71.2725 -58.9617 3
      vertex -74.8341 -54.3701 2.9
      vertex -74.8341 -54.3701 3
    endloop
  endfacet
  facet normal 0.790156 0.612906 0
    outer loop
      vertex -74.8341 -54.3701 2.9
      vertex -71.2725 -58.9617 3
      vertex -71.2725 -58.9617 2.9
    endloop
  endfacet
  facet normal -0.156426 0.98769 0
    outer loop
      vertex 17.3328 -90.8616 2.9
      vertex 11.5933 -91.7706 3
      vertex 17.3328 -90.8616 3
    endloop
  endfacet
  facet normal -0.156426 0.98769 0
    outer loop
      vertex 11.5933 -91.7706 3
      vertex 17.3328 -90.8616 2.9
      vertex 11.5933 -91.7706 2.9
    endloop
  endfacet
  facet normal 0.33874 0.94088 -0
    outer loop
      vertex -28.5841 -87.9727 2.9
      vertex -34.0515 -86.0043 3
      vertex -28.5841 -87.9727 3
    endloop
  endfacet
  facet normal 0.33874 0.94088 0
    outer loop
      vertex -34.0515 -86.0043 3
      vertex -28.5841 -87.9727 2.9
      vertex -34.0515 -86.0043 2.9
    endloop
  endfacet
  facet normal -0.860739 0.509047 0
    outer loop
      vertex 78.1003 -49.564 2.9
      vertex 81.0584 -44.5622 3
      vertex 81.0584 -44.5622 2.9
    endloop
  endfacet
  facet normal -0.860739 0.509047 0
    outer loop
      vertex 81.0584 -44.5622 3
      vertex 78.1003 -49.564 2.9
      vertex 78.1003 -49.564 3
    endloop
  endfacet
  facet normal -0.156426 -0.98769 0
    outer loop
      vertex 11.5933 91.7706 2.9
      vertex 17.3328 90.8616 3
      vertex 11.5933 91.7706 3
    endloop
  endfacet
  facet normal -0.156426 -0.98769 -0
    outer loop
      vertex 17.3328 90.8616 3
      vertex 11.5933 91.7706 2.9
      vertex 17.3328 90.8616 2.9
    endloop
  endfacet
  facet normal 0.891008 -0.453988 0
    outer loop
      vertex -83.6965 39.3846 3
      vertex -81.0584 44.5622 2.9
      vertex -81.0584 44.5622 3
    endloop
  endfacet
  facet normal 0.891008 -0.453988 0
    outer loop
      vertex -81.0584 44.5622 2.9
      vertex -83.6965 39.3846 3
      vertex -83.6965 39.3846 2.9
    endloop
  endfacet
  facet normal 0.509047 0.860739 -0
    outer loop
      vertex -44.5622 -81.0584 2.9
      vertex -49.564 -78.1003 3
      vertex -44.5622 -81.0584 3
    endloop
  endfacet
  facet normal 0.509047 0.860739 0
    outer loop
      vertex -49.564 -78.1003 3
      vertex -44.5622 -81.0584 2.9
      vertex -49.564 -78.1003 2.9
    endloop
  endfacet
  facet normal 0.031406 0.999507 -0
    outer loop
      vertex 0 -92.5 2.9
      vertex -5.80812 -92.3175 3
      vertex 0 -92.5 3
    endloop
  endfacet
  facet normal 0.031406 0.999507 0
    outer loop
      vertex -5.80812 -92.3175 3
      vertex 0 -92.5 2.9
      vertex -5.80812 -92.3175 2.9
    endloop
  endfacet
  facet normal 0.94088 0.33874 0
    outer loop
      vertex -86.0043 -34.0515 3
      vertex -87.9727 -28.5841 2.9
      vertex -87.9727 -28.5841 3
    endloop
  endfacet
  facet normal 0.94088 0.33874 0
    outer loop
      vertex -87.9727 -28.5841 2.9
      vertex -86.0043 -34.0515 3
      vertex -86.0043 -34.0515 2.9
    endloop
  endfacet
  facet normal -0.218157 -0.975914 0
    outer loop
      vertex 17.3328 90.8616 2.9
      vertex 23.0038 89.5939 3
      vertex 17.3328 90.8616 3
    endloop
  endfacet
  facet normal -0.218157 -0.975914 -0
    outer loop
      vertex 23.0038 89.5939 3
      vertex 17.3328 90.8616 2.9
      vertex 23.0038 89.5939 2.9
    endloop
  endfacet
  facet normal -0.562081 -0.827082 0
    outer loop
      vertex 49.564 78.1003 2.9
      vertex 54.3701 74.8341 3
      vertex 49.564 78.1003 3
    endloop
  endfacet
  facet normal -0.562081 -0.827082 -0
    outer loop
      vertex 54.3701 74.8341 3
      vertex 49.564 78.1003 2.9
      vertex 54.3701 74.8341 2.9
    endloop
  endfacet
  facet normal 0.218157 0.975914 -0
    outer loop
      vertex -17.3328 -90.8616 2.9
      vertex -23.0038 -89.5939 3
      vertex -17.3328 -90.8616 3
    endloop
  endfacet
  facet normal 0.218157 0.975914 0
    outer loop
      vertex -23.0038 -89.5939 3
      vertex -17.3328 -90.8616 2.9
      vertex -23.0038 -89.5939 2.9
    endloop
  endfacet
  facet normal 0.156426 0.98769 -0
    outer loop
      vertex -11.5933 -91.7706 2.9
      vertex -17.3328 -90.8616 3
      vertex -11.5933 -91.7706 3
    endloop
  endfacet
  facet normal 0.156426 0.98769 0
    outer loop
      vertex -17.3328 -90.8616 3
      vertex -11.5933 -91.7706 2.9
      vertex -17.3328 -90.8616 2.9
    endloop
  endfacet
  facet normal 0.999507 0.031406 0
    outer loop
      vertex -92.3175 -5.80812 3
      vertex -92.5 0 2.9
      vertex -92.5 0 3
    endloop
  endfacet
  facet normal 0.999507 0.031406 0
    outer loop
      vertex -92.5 0 2.9
      vertex -92.3175 -5.80812 3
      vertex -92.3175 -5.80812 2.9
    endloop
  endfacet
  facet normal -0.33874 0.94088 0
    outer loop
      vertex 34.0515 -86.0043 2.9
      vertex 28.5841 -87.9727 3
      vertex 34.0515 -86.0043 3
    endloop
  endfacet
  facet normal -0.33874 0.94088 0
    outer loop
      vertex 28.5841 -87.9727 3
      vertex 34.0515 -86.0043 2.9
      vertex 28.5841 -87.9727 2.9
    endloop
  endfacet
  facet normal -0.827082 -0.562081 0
    outer loop
      vertex 78.1003 49.564 2.9
      vertex 74.8341 54.3701 3
      vertex 74.8341 54.3701 2.9
    endloop
  endfacet
  facet normal -0.827082 -0.562081 0
    outer loop
      vertex 74.8341 54.3701 3
      vertex 78.1003 49.564 2.9
      vertex 78.1003 49.564 3
    endloop
  endfacet
  facet normal -0.860739 -0.509047 0
    outer loop
      vertex 81.0584 44.5622 2.9
      vertex 78.1003 49.564 3
      vertex 78.1003 49.564 2.9
    endloop
  endfacet
  facet normal -0.860739 -0.509047 0
    outer loop
      vertex 78.1003 49.564 3
      vertex 81.0584 44.5622 2.9
      vertex 81.0584 44.5622 3
    endloop
  endfacet
  facet normal -0.509047 0.860739 0
    outer loop
      vertex 49.564 -78.1003 2.9
      vertex 44.5622 -81.0584 3
      vertex 49.564 -78.1003 3
    endloop
  endfacet
  facet normal -0.509047 0.860739 0
    outer loop
      vertex 44.5622 -81.0584 3
      vertex 49.564 -78.1003 2.9
      vertex 44.5622 -81.0584 2.9
    endloop
  endfacet
  facet normal -0.509047 -0.860739 0
    outer loop
      vertex 44.5622 81.0584 2.9
      vertex 49.564 78.1003 3
      vertex 44.5622 81.0584 3
    endloop
  endfacet
  facet normal -0.509047 -0.860739 -0
    outer loop
      vertex 49.564 78.1003 3
      vertex 44.5622 81.0584 2.9
      vertex 49.564 78.1003 2.9
    endloop
  endfacet
  facet normal 0.094115 0.995561 -0
    outer loop
      vertex -5.80812 -92.3175 2.9
      vertex -11.5933 -91.7706 3
      vertex -5.80812 -92.3175 3
    endloop
  endfacet
  facet normal 0.094115 0.995561 0
    outer loop
      vertex -11.5933 -91.7706 3
      vertex -5.80812 -92.3175 2.9
      vertex -11.5933 -91.7706 2.9
    endloop
  endfacet
  facet normal 0.707107 0.707107 0
    outer loop
      vertex -63.3206 -67.4296 3
      vertex -67.4296 -63.3206 2.9
      vertex -67.4296 -63.3206 3
    endloop
  endfacet
  facet normal 0.707107 0.707107 0
    outer loop
      vertex -67.4296 -63.3206 2.9
      vertex -63.3206 -67.4296 3
      vertex -63.3206 -67.4296 2.9
    endloop
  endfacet
  facet normal 0.975914 -0.218157 0
    outer loop
      vertex -90.8616 17.3328 3
      vertex -89.5939 23.0038 2.9
      vertex -89.5939 23.0038 3
    endloop
  endfacet
  facet normal 0.975914 -0.218157 0
    outer loop
      vertex -89.5939 23.0038 2.9
      vertex -90.8616 17.3328 3
      vertex -90.8616 17.3328 2.9
    endloop
  endfacet
  facet normal -0.661313 0.75011 0
    outer loop
      vertex 63.3206 -67.4296 2.9
      vertex 58.9617 -71.2725 3
      vertex 63.3206 -67.4296 3
    endloop
  endfacet
  facet normal -0.661313 0.75011 0
    outer loop
      vertex 58.9617 -71.2725 3
      vertex 63.3206 -67.4296 2.9
      vertex 58.9617 -71.2725 2.9
    endloop
  endfacet
  facet normal 0.278987 -0.960295 0
    outer loop
      vertex -28.5841 87.9727 2.9
      vertex -23.0038 89.5939 3
      vertex -28.5841 87.9727 3
    endloop
  endfacet
  facet normal 0.278987 -0.960295 0
    outer loop
      vertex -23.0038 89.5939 3
      vertex -28.5841 87.9727 2.9
      vertex -23.0038 89.5939 2.9
    endloop
  endfacet
  facet normal -0.094115 -0.995561 0
    outer loop
      vertex 5.80812 92.3175 2.9
      vertex 11.5933 91.7706 3
      vertex 5.80812 92.3175 3
    endloop
  endfacet
  facet normal -0.094115 -0.995561 -0
    outer loop
      vertex 11.5933 91.7706 3
      vertex 5.80812 92.3175 2.9
      vertex 11.5933 91.7706 2.9
    endloop
  endfacet
  facet normal -0.960295 -0.278987 0
    outer loop
      vertex 89.5939 23.0038 2.9
      vertex 87.9727 28.5841 3
      vertex 87.9727 28.5841 2.9
    endloop
  endfacet
  facet normal -0.960295 -0.278987 0
    outer loop
      vertex 87.9727 28.5841 3
      vertex 89.5939 23.0038 2.9
      vertex 89.5939 23.0038 3
    endloop
  endfacet
  facet normal 0.156426 -0.98769 0
    outer loop
      vertex -17.3328 90.8616 2.9
      vertex -11.5933 91.7706 3
      vertex -17.3328 90.8616 3
    endloop
  endfacet
  facet normal 0.156426 -0.98769 0
    outer loop
      vertex -11.5933 91.7706 3
      vertex -17.3328 90.8616 2.9
      vertex -11.5933 91.7706 2.9
    endloop
  endfacet
  facet normal -0.75011 -0.661313 0
    outer loop
      vertex 71.2725 58.9617 2.9
      vertex 67.4296 63.3206 3
      vertex 67.4296 63.3206 2.9
    endloop
  endfacet
  facet normal -0.75011 -0.661313 0
    outer loop
      vertex 67.4296 63.3206 3
      vertex 71.2725 58.9617 2.9
      vertex 71.2725 58.9617 3
    endloop
  endfacet
  facet normal -0.790156 0.612906 0
    outer loop
      vertex 71.2725 -58.9617 2.9
      vertex 74.8341 -54.3701 3
      vertex 74.8341 -54.3701 2.9
    endloop
  endfacet
  facet normal -0.790156 0.612906 0
    outer loop
      vertex 74.8341 -54.3701 3
      vertex 71.2725 -58.9617 2.9
      vertex 71.2725 -58.9617 3
    endloop
  endfacet
  facet normal 0.75011 -0.661313 0
    outer loop
      vertex -71.2725 58.9617 3
      vertex -67.4296 63.3206 2.9
      vertex -67.4296 63.3206 3
    endloop
  endfacet
  facet normal 0.75011 -0.661313 0
    outer loop
      vertex -67.4296 63.3206 2.9
      vertex -71.2725 58.9617 3
      vertex -71.2725 58.9617 2.9
    endloop
  endfacet
  facet normal -0.995561 0.094115 0
    outer loop
      vertex 91.7706 -11.5933 2.9
      vertex 92.3175 -5.80812 3
      vertex 92.3175 -5.80812 2.9
    endloop
  endfacet
  facet normal -0.995561 0.094115 0
    outer loop
      vertex 92.3175 -5.80812 3
      vertex 91.7706 -11.5933 2.9
      vertex 91.7706 -11.5933 3
    endloop
  endfacet
  facet normal -0.031406 -0.999507 0
    outer loop
      vertex 0 92.5 2.9
      vertex 5.80812 92.3175 3
      vertex 0 92.5 3
    endloop
  endfacet
  facet normal -0.031406 -0.999507 -0
    outer loop
      vertex 5.80812 92.3175 3
      vertex 0 92.5 2.9
      vertex 5.80812 92.3175 2.9
    endloop
  endfacet
  facet normal -0.827082 0.562081 0
    outer loop
      vertex 74.8341 -54.3701 2.9
      vertex 78.1003 -49.564 3
      vertex 78.1003 -49.564 2.9
    endloop
  endfacet
  facet normal -0.827082 0.562081 0
    outer loop
      vertex 78.1003 -49.564 3
      vertex 74.8341 -54.3701 2.9
      vertex 74.8341 -54.3701 3
    endloop
  endfacet
  facet normal 0.562081 -0.827082 0
    outer loop
      vertex -54.3701 74.8341 2.9
      vertex -49.564 78.1003 3
      vertex -54.3701 74.8341 3
    endloop
  endfacet
  facet normal 0.562081 -0.827082 0
    outer loop
      vertex -49.564 78.1003 3
      vertex -54.3701 74.8341 2.9
      vertex -49.564 78.1003 2.9
    endloop
  endfacet
  facet normal 0.960295 -0.278987 0
    outer loop
      vertex -89.5939 23.0038 3
      vertex -87.9727 28.5841 2.9
      vertex -87.9727 28.5841 3
    endloop
  endfacet
  facet normal 0.960295 -0.278987 0
    outer loop
      vertex -87.9727 28.5841 2.9
      vertex -89.5939 23.0038 3
      vertex -89.5939 23.0038 2.9
    endloop
  endfacet
  facet normal -0.397142 0.917757 0
    outer loop
      vertex 39.3846 -83.6965 2.9
      vertex 34.0515 -86.0043 3
      vertex 39.3846 -83.6965 3
    endloop
  endfacet
  facet normal -0.397142 0.917757 0
    outer loop
      vertex 34.0515 -86.0043 3
      vertex 39.3846 -83.6965 2.9
      vertex 34.0515 -86.0043 2.9
    endloop
  endfacet
  facet normal 0.397142 -0.917757 0
    outer loop
      vertex -39.3846 83.6965 2.9
      vertex -34.0515 86.0043 3
      vertex -39.3846 83.6965 3
    endloop
  endfacet
  facet normal 0.397142 -0.917757 0
    outer loop
      vertex -34.0515 86.0043 3
      vertex -39.3846 83.6965 2.9
      vertex -34.0515 86.0043 2.9
    endloop
  endfacet
  facet normal -0.917757 -0.397142 0
    outer loop
      vertex 86.0043 34.0515 2.9
      vertex 83.6965 39.3846 3
      vertex 83.6965 39.3846 2.9
    endloop
  endfacet
  facet normal -0.917757 -0.397142 0
    outer loop
      vertex 83.6965 39.3846 3
      vertex 86.0043 34.0515 2.9
      vertex 86.0043 34.0515 3
    endloop
  endfacet
  facet normal -0.94088 0.33874 0
    outer loop
      vertex 86.0043 -34.0515 2.9
      vertex 87.9727 -28.5841 3
      vertex 87.9727 -28.5841 2.9
    endloop
  endfacet
  facet normal -0.94088 0.33874 0
    outer loop
      vertex 87.9727 -28.5841 3
      vertex 86.0043 -34.0515 2.9
      vertex 86.0043 -34.0515 3
    endloop
  endfacet
  facet normal 0.98769 0.156426 0
    outer loop
      vertex -90.8616 -17.3328 3
      vertex -91.7706 -11.5933 2.9
      vertex -91.7706 -11.5933 3
    endloop
  endfacet
  facet normal 0.98769 0.156426 0
    outer loop
      vertex -91.7706 -11.5933 2.9
      vertex -90.8616 -17.3328 3
      vertex -90.8616 -17.3328 2.9
    endloop
  endfacet
  facet normal -0.891008 -0.453988 0
    outer loop
      vertex 83.6965 39.3846 2.9
      vertex 81.0584 44.5622 3
      vertex 81.0584 44.5622 2.9
    endloop
  endfacet
  facet normal -0.891008 -0.453988 0
    outer loop
      vertex 81.0584 44.5622 3
      vertex 83.6965 39.3846 2.9
      vertex 83.6965 39.3846 3
    endloop
  endfacet
  facet normal -0.278987 -0.960295 0
    outer loop
      vertex 23.0038 89.5939 2.9
      vertex 28.5841 87.9727 3
      vertex 23.0038 89.5939 3
    endloop
  endfacet
  facet normal -0.278987 -0.960295 -0
    outer loop
      vertex 28.5841 87.9727 3
      vertex 23.0038 89.5939 2.9
      vertex 28.5841 87.9727 2.9
    endloop
  endfacet
  facet normal 0.509047 -0.860739 0
    outer loop
      vertex -49.564 78.1003 2.9
      vertex -44.5622 81.0584 3
      vertex -49.564 78.1003 3
    endloop
  endfacet
  facet normal 0.509047 -0.860739 0
    outer loop
      vertex -44.5622 81.0584 3
      vertex -49.564 78.1003 2.9
      vertex -44.5622 81.0584 2.9
    endloop
  endfacet
  facet normal -0.98769 0.156426 0
    outer loop
      vertex 90.8616 -17.3328 2.9
      vertex 91.7706 -11.5933 3
      vertex 91.7706 -11.5933 2.9
    endloop
  endfacet
  facet normal -0.98769 0.156426 0
    outer loop
      vertex 91.7706 -11.5933 3
      vertex 90.8616 -17.3328 2.9
      vertex 90.8616 -17.3328 3
    endloop
  endfacet
  facet normal 0.707107 -0.707107 0
    outer loop
      vertex -67.4296 63.3206 3
      vertex -63.3206 67.4296 2.9
      vertex -63.3206 67.4296 3
    endloop
  endfacet
  facet normal 0.707107 -0.707107 0
    outer loop
      vertex -63.3206 67.4296 2.9
      vertex -67.4296 63.3206 3
      vertex -67.4296 63.3206 2.9
    endloop
  endfacet
  facet normal 0.999507 -0.031406 0
    outer loop
      vertex -92.5 0 3
      vertex -92.3175 5.80812 2.9
      vertex -92.3175 5.80812 3
    endloop
  endfacet
  facet normal 0.999507 -0.031406 0
    outer loop
      vertex -92.3175 5.80812 2.9
      vertex -92.5 0 3
      vertex -92.5 0 2.9
    endloop
  endfacet
  facet normal 0.860739 -0.509047 0
    outer loop
      vertex -81.0584 44.5622 3
      vertex -78.1003 49.564 2.9
      vertex -78.1003 49.564 3
    endloop
  endfacet
  facet normal 0.860739 -0.509047 0
    outer loop
      vertex -78.1003 49.564 2.9
      vertex -81.0584 44.5622 3
      vertex -81.0584 44.5622 2.9
    endloop
  endfacet
  facet normal 0.33874 -0.94088 0
    outer loop
      vertex -34.0515 86.0043 2.9
      vertex -28.5841 87.9727 3
      vertex -34.0515 86.0043 3
    endloop
  endfacet
  facet normal 0.33874 -0.94088 0
    outer loop
      vertex -28.5841 87.9727 3
      vertex -34.0515 86.0043 2.9
      vertex -28.5841 87.9727 2.9
    endloop
  endfacet
  facet normal 0.94088 -0.33874 0
    outer loop
      vertex -87.9727 28.5841 3
      vertex -86.0043 34.0515 2.9
      vertex -86.0043 34.0515 3
    endloop
  endfacet
  facet normal 0.94088 -0.33874 0
    outer loop
      vertex -86.0043 34.0515 2.9
      vertex -87.9727 28.5841 3
      vertex -87.9727 28.5841 2.9
    endloop
  endfacet
  facet normal -0.094115 0.995561 0
    outer loop
      vertex 11.5933 -91.7706 2.9
      vertex 5.80812 -92.3175 3
      vertex 11.5933 -91.7706 3
    endloop
  endfacet
  facet normal -0.094115 0.995561 0
    outer loop
      vertex 5.80812 -92.3175 3
      vertex 11.5933 -91.7706 2.9
      vertex 5.80812 -92.3175 2.9
    endloop
  endfacet
  facet normal 0.218157 -0.975914 0
    outer loop
      vertex -23.0038 89.5939 2.9
      vertex -17.3328 90.8616 3
      vertex -23.0038 89.5939 3
    endloop
  endfacet
  facet normal 0.218157 -0.975914 0
    outer loop
      vertex -17.3328 90.8616 3
      vertex -23.0038 89.5939 2.9
      vertex -17.3328 90.8616 2.9
    endloop
  endfacet
  facet normal -0.612906 -0.790156 0
    outer loop
      vertex 54.3701 74.8341 2.9
      vertex 58.9617 71.2725 3
      vertex 54.3701 74.8341 3
    endloop
  endfacet
  facet normal -0.612906 -0.790156 -0
    outer loop
      vertex 58.9617 71.2725 3
      vertex 54.3701 74.8341 2.9
      vertex 58.9617 71.2725 2.9
    endloop
  endfacet
  facet normal 0.975914 0.218157 0
    outer loop
      vertex -89.5939 -23.0038 3
      vertex -90.8616 -17.3328 2.9
      vertex -90.8616 -17.3328 3
    endloop
  endfacet
  facet normal 0.975914 0.218157 0
    outer loop
      vertex -90.8616 -17.3328 2.9
      vertex -89.5939 -23.0038 3
      vertex -89.5939 -23.0038 2.9
    endloop
  endfacet
  facet normal -0.790156 -0.612906 0
    outer loop
      vertex 74.8341 54.3701 2.9
      vertex 71.2725 58.9617 3
      vertex 71.2725 58.9617 2.9
    endloop
  endfacet
  facet normal -0.790156 -0.612906 0
    outer loop
      vertex 71.2725 58.9617 3
      vertex 74.8341 54.3701 2.9
      vertex 74.8341 54.3701 3
    endloop
  endfacet
  facet normal 0.827082 0.562081 0
    outer loop
      vertex -74.8341 -54.3701 3
      vertex -78.1003 -49.564 2.9
      vertex -78.1003 -49.564 3
    endloop
  endfacet
  facet normal 0.827082 0.562081 0
    outer loop
      vertex -78.1003 -49.564 2.9
      vertex -74.8341 -54.3701 3
      vertex -74.8341 -54.3701 2.9
    endloop
  endfacet
  facet normal -0.397142 -0.917757 0
    outer loop
      vertex 34.0515 86.0043 2.9
      vertex 39.3846 83.6965 3
      vertex 34.0515 86.0043 3
    endloop
  endfacet
  facet normal -0.397142 -0.917757 -0
    outer loop
      vertex 39.3846 83.6965 3
      vertex 34.0515 86.0043 2.9
      vertex 39.3846 83.6965 2.9
    endloop
  endfacet
  facet normal 0.960295 0.278987 0
    outer loop
      vertex -87.9727 -28.5841 3
      vertex -89.5939 -23.0038 2.9
      vertex -89.5939 -23.0038 3
    endloop
  endfacet
  facet normal 0.960295 0.278987 0
    outer loop
      vertex -89.5939 -23.0038 2.9
      vertex -87.9727 -28.5841 3
      vertex -87.9727 -28.5841 2.9
    endloop
  endfacet
  facet normal 0.612906 -0.790156 0
    outer loop
      vertex -58.9617 71.2725 2.9
      vertex -54.3701 74.8341 3
      vertex -58.9617 71.2725 3
    endloop
  endfacet
  facet normal 0.612906 -0.790156 0
    outer loop
      vertex -54.3701 74.8341 3
      vertex -58.9617 71.2725 2.9
      vertex -54.3701 74.8341 2.9
    endloop
  endfacet
  facet normal -0.960295 0.278987 0
    outer loop
      vertex 87.9727 -28.5841 2.9
      vertex 89.5939 -23.0038 3
      vertex 89.5939 -23.0038 2.9
    endloop
  endfacet
  facet normal -0.960295 0.278987 0
    outer loop
      vertex 89.5939 -23.0038 3
      vertex 87.9727 -28.5841 2.9
      vertex 87.9727 -28.5841 3
    endloop
  endfacet
  facet normal 0.094115 -0.995561 0
    outer loop
      vertex -11.5933 91.7706 2.9
      vertex -5.80812 92.3175 3
      vertex -11.5933 91.7706 3
    endloop
  endfacet
  facet normal 0.094115 -0.995561 0
    outer loop
      vertex -5.80812 92.3175 3
      vertex -11.5933 91.7706 2.9
      vertex -5.80812 92.3175 2.9
    endloop
  endfacet
  facet normal -0.75011 0.661313 0
    outer loop
      vertex 67.4296 -63.3206 2.9
      vertex 71.2725 -58.9617 3
      vertex 71.2725 -58.9617 2.9
    endloop
  endfacet
  facet normal -0.75011 0.661313 0
    outer loop
      vertex 71.2725 -58.9617 3
      vertex 67.4296 -63.3206 2.9
      vertex 67.4296 -63.3206 3
    endloop
  endfacet
  facet normal 0.661313 0.75011 -0
    outer loop
      vertex -58.9617 -71.2725 2.9
      vertex -63.3206 -67.4296 3
      vertex -58.9617 -71.2725 3
    endloop
  endfacet
  facet normal 0.661313 0.75011 0
    outer loop
      vertex -63.3206 -67.4296 3
      vertex -58.9617 -71.2725 2.9
      vertex -63.3206 -67.4296 2.9
    endloop
  endfacet
  facet normal -0.562081 0.827082 0
    outer loop
      vertex 54.3701 -74.8341 2.9
      vertex 49.564 -78.1003 3
      vertex 54.3701 -74.8341 3
    endloop
  endfacet
  facet normal -0.562081 0.827082 0
    outer loop
      vertex 49.564 -78.1003 3
      vertex 54.3701 -74.8341 2.9
      vertex 49.564 -78.1003 2.9
    endloop
  endfacet
  facet normal -0.661313 -0.75011 0
    outer loop
      vertex 58.9617 71.2725 2.9
      vertex 63.3206 67.4296 3
      vertex 58.9617 71.2725 3
    endloop
  endfacet
  facet normal -0.661313 -0.75011 -0
    outer loop
      vertex 63.3206 67.4296 3
      vertex 58.9617 71.2725 2.9
      vertex 63.3206 67.4296 2.9
    endloop
  endfacet
  facet normal -0.453988 -0.891008 0
    outer loop
      vertex 39.3846 83.6965 2.9
      vertex 44.5622 81.0584 3
      vertex 39.3846 83.6965 3
    endloop
  endfacet
  facet normal -0.453988 -0.891008 -0
    outer loop
      vertex 44.5622 81.0584 3
      vertex 39.3846 83.6965 2.9
      vertex 44.5622 81.0584 2.9
    endloop
  endfacet
  facet normal 0.790156 -0.612906 0
    outer loop
      vertex -74.8341 54.3701 3
      vertex -71.2725 58.9617 2.9
      vertex -71.2725 58.9617 3
    endloop
  endfacet
  facet normal 0.790156 -0.612906 0
    outer loop
      vertex -71.2725 58.9617 2.9
      vertex -74.8341 54.3701 3
      vertex -74.8341 54.3701 2.9
    endloop
  endfacet
  facet normal 0.031406 -0.999507 0
    outer loop
      vertex -5.80812 92.3175 2.9
      vertex 0 92.5 3
      vertex -5.80812 92.3175 3
    endloop
  endfacet
  facet normal 0.031406 -0.999507 0
    outer loop
      vertex 0 92.5 3
      vertex -5.80812 92.3175 2.9
      vertex 0 92.5 2.9
    endloop
  endfacet
  facet normal -0.707107 -0.707107 0
    outer loop
      vertex 67.4296 63.3206 2.9
      vertex 63.3206 67.4296 3
      vertex 63.3206 67.4296 2.9
    endloop
  endfacet
  facet normal -0.707107 -0.707107 0
    outer loop
      vertex 63.3206 67.4296 3
      vertex 67.4296 63.3206 2.9
      vertex 67.4296 63.3206 3
    endloop
  endfacet
  facet normal -0.975914 -0.218157 0
    outer loop
      vertex 90.8616 17.3328 2.9
      vertex 89.5939 23.0038 3
      vertex 89.5939 23.0038 2.9
    endloop
  endfacet
  facet normal -0.975914 -0.218157 0
    outer loop
      vertex 89.5939 23.0038 3
      vertex 90.8616 17.3328 2.9
      vertex 90.8616 17.3328 3
    endloop
  endfacet
  facet normal -0.94088 -0.33874 0
    outer loop
      vertex 87.9727 28.5841 2.9
      vertex 86.0043 34.0515 3
      vertex 86.0043 34.0515 2.9
    endloop
  endfacet
  facet normal -0.94088 -0.33874 0
    outer loop
      vertex 86.0043 34.0515 3
      vertex 87.9727 28.5841 2.9
      vertex 87.9727 28.5841 3
    endloop
  endfacet
  facet normal 0.827082 -0.562081 0
    outer loop
      vertex -78.1003 49.564 3
      vertex -74.8341 54.3701 2.9
      vertex -74.8341 54.3701 3
    endloop
  endfacet
  facet normal 0.827082 -0.562081 0
    outer loop
      vertex -74.8341 54.3701 2.9
      vertex -78.1003 49.564 3
      vertex -78.1003 49.564 2.9
    endloop
  endfacet
  facet normal -0.98769 -0.156426 0
    outer loop
      vertex 91.7706 11.5933 2.9
      vertex 90.8616 17.3328 3
      vertex 90.8616 17.3328 2.9
    endloop
  endfacet
  facet normal -0.98769 -0.156426 0
    outer loop
      vertex 90.8616 17.3328 3
      vertex 91.7706 11.5933 2.9
      vertex 91.7706 11.5933 3
    endloop
  endfacet
  facet normal -0.917757 0.397142 0
    outer loop
      vertex 83.6965 -39.3846 2.9
      vertex 86.0043 -34.0515 3
      vertex 86.0043 -34.0515 2.9
    endloop
  endfacet
  facet normal -0.917757 0.397142 0
    outer loop
      vertex 86.0043 -34.0515 3
      vertex 83.6965 -39.3846 2.9
      vertex 83.6965 -39.3846 3
    endloop
  endfacet
  facet normal -0.707107 0.707107 0
    outer loop
      vertex 63.3206 -67.4296 2.9
      vertex 67.4296 -63.3206 3
      vertex 67.4296 -63.3206 2.9
    endloop
  endfacet
  facet normal -0.707107 0.707107 0
    outer loop
      vertex 67.4296 -63.3206 3
      vertex 63.3206 -67.4296 2.9
      vertex 63.3206 -67.4296 3
    endloop
  endfacet
  facet normal 0.397142 0.917757 -0
    outer loop
      vertex -34.0515 -86.0043 2.9
      vertex -39.3846 -83.6965 3
      vertex -34.0515 -86.0043 3
    endloop
  endfacet
  facet normal 0.397142 0.917757 0
    outer loop
      vertex -39.3846 -83.6965 3
      vertex -34.0515 -86.0043 2.9
      vertex -39.3846 -83.6965 2.9
    endloop
  endfacet
  facet normal 0.995561 0.094115 0
    outer loop
      vertex -91.7706 -11.5933 3
      vertex -92.3175 -5.80812 2.9
      vertex -92.3175 -5.80812 3
    endloop
  endfacet
  facet normal 0.995561 0.094115 0
    outer loop
      vertex -92.3175 -5.80812 2.9
      vertex -91.7706 -11.5933 3
      vertex -91.7706 -11.5933 2.9
    endloop
  endfacet
  facet normal 0.860739 0.509047 0
    outer loop
      vertex -78.1003 -49.564 3
      vertex -81.0584 -44.5622 2.9
      vertex -81.0584 -44.5622 3
    endloop
  endfacet
  facet normal 0.860739 0.509047 0
    outer loop
      vertex -81.0584 -44.5622 2.9
      vertex -78.1003 -49.564 3
      vertex -78.1003 -49.564 2.9
    endloop
  endfacet
  facet normal -0.891008 0.453988 0
    outer loop
      vertex 81.0584 -44.5622 2.9
      vertex 83.6965 -39.3846 3
      vertex 83.6965 -39.3846 2.9
    endloop
  endfacet
  facet normal -0.891008 0.453988 0
    outer loop
      vertex 83.6965 -39.3846 3
      vertex 81.0584 -44.5622 2.9
      vertex 81.0584 -44.5622 3
    endloop
  endfacet
  facet normal 0.98769 -0.156426 0
    outer loop
      vertex -91.7706 11.5933 3
      vertex -90.8616 17.3328 2.9
      vertex -90.8616 17.3328 3
    endloop
  endfacet
  facet normal 0.98769 -0.156426 0
    outer loop
      vertex -90.8616 17.3328 2.9
      vertex -91.7706 11.5933 3
      vertex -91.7706 11.5933 2.9
    endloop
  endfacet
  facet normal -0.278987 0.960295 0
    outer loop
      vertex 28.5841 -87.9727 2.9
      vertex 23.0038 -89.5939 3
      vertex 28.5841 -87.9727 3
    endloop
  endfacet
  facet normal -0.278987 0.960295 0
    outer loop
      vertex 23.0038 -89.5939 3
      vertex 28.5841 -87.9727 2.9
      vertex 23.0038 -89.5939 2.9
    endloop
  endfacet
  facet normal 0.75011 0.661313 0
    outer loop
      vertex -67.4296 -63.3206 3
      vertex -71.2725 -58.9617 2.9
      vertex -71.2725 -58.9617 3
    endloop
  endfacet
  facet normal 0.75011 0.661313 0
    outer loop
      vertex -71.2725 -58.9617 2.9
      vertex -67.4296 -63.3206 3
      vertex -67.4296 -63.3206 2.9
    endloop
  endfacet
  facet normal -0.975914 0.218157 0
    outer loop
      vertex 89.5939 -23.0038 2.9
      vertex 90.8616 -17.3328 3
      vertex 90.8616 -17.3328 2.9
    endloop
  endfacet
  facet normal -0.975914 0.218157 0
    outer loop
      vertex 90.8616 -17.3328 3
      vertex 89.5939 -23.0038 2.9
      vertex 89.5939 -23.0038 3
    endloop
  endfacet
  facet normal -0.33874 -0.94088 0
    outer loop
      vertex 28.5841 87.9727 2.9
      vertex 34.0515 86.0043 3
      vertex 28.5841 87.9727 3
    endloop
  endfacet
  facet normal -0.33874 -0.94088 -0
    outer loop
      vertex 34.0515 86.0043 3
      vertex 28.5841 87.9727 2.9
      vertex 34.0515 86.0043 2.9
    endloop
  endfacet
  facet normal 0.612906 0.790156 -0
    outer loop
      vertex -54.3701 -74.8341 2.9
      vertex -58.9617 -71.2725 3
      vertex -54.3701 -74.8341 3
    endloop
  endfacet
  facet normal 0.612906 0.790156 0
    outer loop
      vertex -58.9617 -71.2725 3
      vertex -54.3701 -74.8341 2.9
      vertex -58.9617 -71.2725 2.9
    endloop
  endfacet
  facet normal 0.917757 0.397142 0
    outer loop
      vertex -83.6965 -39.3846 3
      vertex -86.0043 -34.0515 2.9
      vertex -86.0043 -34.0515 3
    endloop
  endfacet
  facet normal 0.917757 0.397142 0
    outer loop
      vertex -86.0043 -34.0515 2.9
      vertex -83.6965 -39.3846 3
      vertex -83.6965 -39.3846 2.9
    endloop
  endfacet
  facet normal 0.891008 0.453988 0
    outer loop
      vertex -81.0584 -44.5622 3
      vertex -83.6965 -39.3846 2.9
      vertex -83.6965 -39.3846 3
    endloop
  endfacet
  facet normal 0.891008 0.453988 0
    outer loop
      vertex -83.6965 -39.3846 2.9
      vertex -81.0584 -44.5622 3
      vertex -81.0584 -44.5622 2.9
    endloop
  endfacet
  facet normal 0.995561 -0.094115 0
    outer loop
      vertex -92.3175 5.80812 3
      vertex -91.7706 11.5933 2.9
      vertex -91.7706 11.5933 3
    endloop
  endfacet
  facet normal 0.995561 -0.094115 0
    outer loop
      vertex -91.7706 11.5933 2.9
      vertex -92.3175 5.80812 3
      vertex -92.3175 5.80812 2.9
    endloop
  endfacet
  facet normal 0.917757 -0.397142 0
    outer loop
      vertex -86.0043 34.0515 3
      vertex -83.6965 39.3846 2.9
      vertex -83.6965 39.3846 3
    endloop
  endfacet
  facet normal 0.917757 -0.397142 0
    outer loop
      vertex -83.6965 39.3846 2.9
      vertex -86.0043 34.0515 3
      vertex -86.0043 34.0515 2.9
    endloop
  endfacet
  facet normal -0.612906 0.790156 0
    outer loop
      vertex 58.9617 -71.2725 2.9
      vertex 54.3701 -74.8341 3
      vertex 58.9617 -71.2725 3
    endloop
  endfacet
  facet normal -0.612906 0.790156 0
    outer loop
      vertex 54.3701 -74.8341 3
      vertex 58.9617 -71.2725 2.9
      vertex 54.3701 -74.8341 2.9
    endloop
  endfacet
  facet normal 0.453988 0.891008 -0
    outer loop
      vertex -39.3846 -83.6965 2.9
      vertex -44.5622 -81.0584 3
      vertex -39.3846 -83.6965 3
    endloop
  endfacet
  facet normal 0.453988 0.891008 0
    outer loop
      vertex -44.5622 -81.0584 3
      vertex -39.3846 -83.6965 2.9
      vertex -44.5622 -81.0584 2.9
    endloop
  endfacet
  facet normal 0 0 1
    outer loop
      vertex 92.3175 5.80812 2.9
      vertex 92.3175 -5.80812 2.9
      vertex 92.5 0 2.9
    endloop
  endfacet
  facet normal 0 0 1
    outer loop
      vertex 91.7706 11.5933 2.9
      vertex 92.3175 -5.80812 2.9
      vertex 92.3175 5.80812 2.9
    endloop
  endfacet
  facet normal 0 0 1
    outer loop
      vertex 91.7706 11.5933 2.9
      vertex 91.7706 -11.5933 2.9
      vertex 92.3175 -5.80812 2.9
    endloop
  endfacet
  facet normal 0 0 1
    outer loop
      vertex 90.8616 17.3328 2.9
      vertex 91.7706 -11.5933 2.9
      vertex 91.7706 11.5933 2.9
    endloop
  endfacet
  facet normal 0 0 1
    outer loop
      vertex 90.8616 17.3328 2.9
      vertex 90.8616 -17.3328 2.9
      vertex 91.7706 -11.5933 2.9
    endloop
  endfacet
  facet normal 0 0 1
    outer loop
      vertex 89.5939 23.0038 2.9
      vertex 90.8616 -17.3328 2.9
      vertex 90.8616 17.3328 2.9
    endloop
  endfacet
  facet normal 0 0 1
    outer loop
      vertex 89.5939 23.0038 2.9
      vertex 89.5939 -23.0038 2.9
      vertex 90.8616 -17.3328 2.9
    endloop
  endfacet
  facet normal 0 0 1
    outer loop
      vertex 87.9727 28.5841 2.9
      vertex 89.5939 -23.0038 2.9
      vertex 89.5939 23.0038 2.9
    endloop
  endfacet
  facet normal 0 0 1
    outer loop
      vertex 87.9727 28.5841 2.9
      vertex 87.9727 -28.5841 2.9
      vertex 89.5939 -23.0038 2.9
    endloop
  endfacet
  facet normal 0 0 1
    outer loop
      vertex 86.0043 34.0515 2.9
      vertex 87.9727 -28.5841 2.9
      vertex 87.9727 28.5841 2.9
    endloop
  endfacet
  facet normal 0 0 1
    outer loop
      vertex 86.0043 34.0515 2.9
      vertex 86.0043 -34.0515 2.9
      vertex 87.9727 -28.5841 2.9
    endloop
  endfacet
  facet normal 0 0 1
    outer loop
      vertex 83.6965 39.3846 2.9
      vertex 86.0043 -34.0515 2.9
      vertex 86.0043 34.0515 2.9
    endloop
  endfacet
  facet normal 0 0 1
    outer loop
      vertex 83.6965 39.3846 2.9
      vertex 83.6965 -39.3846 2.9
      vertex 86.0043 -34.0515 2.9
    endloop
  endfacet
  facet normal 0 0 1
    outer loop
      vertex 81.0584 44.5622 2.9
      vertex 83.6965 -39.3846 2.9
      vertex 83.6965 39.3846 2.9
    endloop
  endfacet
  facet normal 0 0 1
    outer loop
      vertex 81.0584 44.5622 2.9
      vertex 81.0584 -44.5622 2.9
      vertex 83.6965 -39.3846 2.9
    endloop
  endfacet
  facet normal 0 0 1
    outer loop
      vertex 78.1003 49.564 2.9
      vertex 81.0584 -44.5622 2.9
      vertex 81.0584 44.5622 2.9
    endloop
  endfacet
  facet normal 0 0 1
    outer loop
      vertex 78.1003 49.564 2.9
      vertex 78.1003 -49.564 2.9
      vertex 81.0584 -44.5622 2.9
    endloop
  endfacet
  facet normal 0 0 1
    outer loop
      vertex 74.8341 54.3701 2.9
      vertex 78.1003 -49.564 2.9
      vertex 78.1003 49.564 2.9
    endloop
  endfacet
  facet normal 0 0 1
    outer loop
      vertex 74.8341 54.3701 2.9
      vertex 74.8341 -54.3701 2.9
      vertex 78.1003 -49.564 2.9
    endloop
  endfacet
  facet normal 0 0 1
    outer loop
      vertex 71.2725 58.9617 2.9
      vertex 74.8341 -54.3701 2.9
      vertex 74.8341 54.3701 2.9
    endloop
  endfacet
  facet normal 0 0 1
    outer loop
      vertex 71.2725 58.9617 2.9
      vertex 71.2725 -58.9617 2.9
      vertex 74.8341 -54.3701 2.9
    endloop
  endfacet
  facet normal 0 0 1
    outer loop
      vertex 67.4296 63.3206 2.9
      vertex 71.2725 -58.9617 2.9
      vertex 71.2725 58.9617 2.9
    endloop
  endfacet
  facet normal 0 0 1
    outer loop
      vertex 67.4296 63.3206 2.9
      vertex 67.4296 -63.3206 2.9
      vertex 71.2725 -58.9617 2.9
    endloop
  endfacet
  facet normal 0 0 1
    outer loop
      vertex 63.3206 67.4296 2.9
      vertex 67.4296 -63.3206 2.9
      vertex 67.4296 63.3206 2.9
    endloop
  endfacet
  facet normal 0 0 1
    outer loop
      vertex 63.3206 67.4296 2.9
      vertex 63.3206 -67.4296 2.9
      vertex 67.4296 -63.3206 2.9
    endloop
  endfacet
  facet normal 0 0 1
    outer loop
      vertex 58.9617 71.2725 2.9
      vertex 63.3206 -67.4296 2.9
      vertex 63.3206 67.4296 2.9
    endloop
  endfacet
  facet normal 0 0 1
    outer loop
      vertex 58.9617 71.2725 2.9
      vertex 58.9617 -71.2725 2.9
      vertex 63.3206 -67.4296 2.9
    endloop
  endfacet
  facet normal 0 0 1
    outer loop
      vertex 54.3701 74.8341 2.9
      vertex 58.9617 -71.2725 2.9
      vertex 58.9617 71.2725 2.9
    endloop
  endfacet
  facet normal 0 0 1
    outer loop
      vertex 54.3701 74.8341 2.9
      vertex 54.3701 -74.8341 2.9
      vertex 58.9617 -71.2725 2.9
    endloop
  endfacet
  facet normal 0 0 1
    outer loop
      vertex 49.564 78.1003 2.9
      vertex 54.3701 -74.8341 2.9
      vertex 54.3701 74.8341 2.9
    endloop
  endfacet
  facet normal 0 0 1
    outer loop
      vertex 49.564 78.1003 2.9
      vertex 49.564 -78.1003 2.9
      vertex 54.3701 -74.8341 2.9
    endloop
  endfacet
  facet normal 0 0 1
    outer loop
      vertex 44.5622 81.0584 2.9
      vertex 49.564 -78.1003 2.9
      vertex 49.564 78.1003 2.9
    endloop
  endfacet
  facet normal 0 0 1
    outer loop
      vertex 44.5622 81.0584 2.9
      vertex 44.5622 -81.0584 2.9
      vertex 49.564 -78.1003 2.9
    endloop
  endfacet
  facet normal 0 0 1
    outer loop
      vertex 39.3846 83.6965 2.9
      vertex 44.5622 -81.0584 2.9
      vertex 44.5622 81.0584 2.9
    endloop
  endfacet
  facet normal 0 0 1
    outer loop
      vertex 39.3846 83.6965 2.9
      vertex 39.3846 -83.6965 2.9
      vertex 44.5622 -81.0584 2.9
    endloop
  endfacet
  facet normal 0 0 1
    outer loop
      vertex 34.0515 86.0043 2.9
      vertex 39.3846 -83.6965 2.9
      vertex 39.3846 83.6965 2.9
    endloop
  endfacet
  facet normal 0 0 1
    outer loop
      vertex 34.0515 86.0043 2.9
      vertex 34.0515 -86.0043 2.9
      vertex 39.3846 -83.6965 2.9
    endloop
  endfacet
  facet normal 0 0 1
    outer loop
      vertex 28.5841 87.9727 2.9
      vertex 34.0515 -86.0043 2.9
      vertex 34.0515 86.0043 2.9
    endloop
  endfacet
  facet normal 0 0 1
    outer loop
      vertex 28.5841 87.9727 2.9
      vertex 28.5841 -87.9727 2.9
      vertex 34.0515 -86.0043 2.9
    endloop
  endfacet
  facet normal 0 0 1
    outer loop
      vertex 23.0038 89.5939 2.9
      vertex 28.5841 -87.9727 2.9
      vertex 28.5841 87.9727 2.9
    endloop
  endfacet
  facet normal 0 0 1
    outer loop
      vertex 23.0038 89.5939 2.9
      vertex 23.0038 -89.5939 2.9
      vertex 28.5841 -87.9727 2.9
    endloop
  endfacet
  facet normal 0 0 1
    outer loop
      vertex 17.3328 90.8616 2.9
      vertex 23.0038 -89.5939 2.9
      vertex 23.0038 89.5939 2.9
    endloop
  endfacet
  facet normal 0 0 1
    outer loop
      vertex 17.3328 90.8616 2.9
      vertex 17.3328 -90.8616 2.9
      vertex 23.0038 -89.5939 2.9
    endloop
  endfacet
  facet normal 0 0 1
    outer loop
      vertex 11.5933 91.7706 2.9
      vertex 17.3328 -90.8616 2.9
      vertex 17.3328 90.8616 2.9
    endloop
  endfacet
  facet normal 0 0 1
    outer loop
      vertex 11.5933 91.7706 2.9
      vertex 11.5933 -91.7706 2.9
      vertex 17.3328 -90.8616 2.9
    endloop
  endfacet
  facet normal 0 0 1
    outer loop
      vertex 5.80812 92.3175 2.9
      vertex 11.5933 -91.7706 2.9
      vertex 11.5933 91.7706 2.9
    endloop
  endfacet
  facet normal 0 0 1
    outer loop
      vertex 5.80812 92.3175 2.9
      vertex 5.80812 -92.3175 2.9
      vertex 11.5933 -91.7706 2.9
    endloop
  endfacet
  facet normal 0 0 1
    outer loop
      vertex 0 92.5 2.9
      vertex 5.80812 -92.3175 2.9
      vertex 5.80812 92.3175 2.9
    endloop
  endfacet
  facet normal 0 0 1
    outer loop
      vertex 0 92.5 2.9
      vertex 0 -92.5 2.9
      vertex 5.80812 -92.3175 2.9
    endloop
  endfacet
  facet normal -0 0 1
    outer loop
      vertex -5.80812 92.3175 2.9
      vertex 0 -92.5 2.9
      vertex 0 92.5 2.9
    endloop
  endfacet
  facet normal 0 0 1
    outer loop
      vertex -5.80812 92.3175 2.9
      vertex -5.80812 -92.3175 2.9
      vertex 0 -92.5 2.9
    endloop
  endfacet
  facet normal -0 0 1
    outer loop
      vertex -11.5933 91.7706 2.9
      vertex -5.80812 -92.3175 2.9
      vertex -5.80812 92.3175 2.9
    endloop
  endfacet
  facet normal 0 0 1
    outer loop
      vertex -11.5933 91.7706 2.9
      vertex -11.5933 -91.7706 2.9
      vertex -5.80812 -92.3175 2.9
    endloop
  endfacet
  facet normal -0 0 1
    outer loop
      vertex -17.3328 90.8616 2.9
      vertex -11.5933 -91.7706 2.9
      vertex -11.5933 91.7706 2.9
    endloop
  endfacet
  facet normal 0 0 1
    outer loop
      vertex -17.3328 90.8616 2.9
      vertex -17.3328 -90.8616 2.9
      vertex -11.5933 -91.7706 2.9
    endloop
  endfacet
  facet normal -0 0 1
    outer loop
      vertex -23.0038 89.5939 2.9
      vertex -17.3328 -90.8616 2.9
      vertex -17.3328 90.8616 2.9
    endloop
  endfacet
  facet normal 0 0 1
    outer loop
      vertex -23.0038 89.5939 2.9
      vertex -23.0038 -89.5939 2.9
      vertex -17.3328 -90.8616 2.9
    endloop
  endfacet
  facet normal -0 0 1
    outer loop
      vertex -28.5841 87.9727 2.9
      vertex -23.0038 -89.5939 2.9
      vertex -23.0038 89.5939 2.9
    endloop
  endfacet
  facet normal 0 0 1
    outer loop
      vertex -28.5841 87.9727 2.9
      vertex -28.5841 -87.9727 2.9
      vertex -23.0038 -89.5939 2.9
    endloop
  endfacet
  facet normal -0 0 1
    outer loop
      vertex -34.0515 86.0043 2.9
      vertex -28.5841 -87.9727 2.9
      vertex -28.5841 87.9727 2.9
    endloop
  endfacet
  facet normal 0 0 1
    outer loop
      vertex -34.0515 86.0043 2.9
      vertex -34.0515 -86.0043 2.9
      vertex -28.5841 -87.9727 2.9
    endloop
  endfacet
  facet normal -0 0 1
    outer loop
      vertex -39.3846 83.6965 2.9
      vertex -34.0515 -86.0043 2.9
      vertex -34.0515 86.0043 2.9
    endloop
  endfacet
  facet normal 0 0 1
    outer loop
      vertex -39.3846 83.6965 2.9
      vertex -39.3846 -83.6965 2.9
      vertex -34.0515 -86.0043 2.9
    endloop
  endfacet
  facet normal -0 0 1
    outer loop
      vertex -44.5622 81.0584 2.9
      vertex -39.3846 -83.6965 2.9
      vertex -39.3846 83.6965 2.9
    endloop
  endfacet
  facet normal 0 0 1
    outer loop
      vertex -44.5622 81.0584 2.9
      vertex -44.5622 -81.0584 2.9
      vertex -39.3846 -83.6965 2.9
    endloop
  endfacet
  facet normal -0 0 1
    outer loop
      vertex -49.564 78.1003 2.9
      vertex -44.5622 -81.0584 2.9
      vertex -44.5622 81.0584 2.9
    endloop
  endfacet
  facet normal 0 0 1
    outer loop
      vertex -49.564 78.1003 2.9
      vertex -49.564 -78.1003 2.9
      vertex -44.5622 -81.0584 2.9
    endloop
  endfacet
  facet normal -0 0 1
    outer loop
      vertex -54.3701 74.8341 2.9
      vertex -49.564 -78.1003 2.9
      vertex -49.564 78.1003 2.9
    endloop
  endfacet
  facet normal 0 0 1
    outer loop
      vertex -54.3701 74.8341 2.9
      vertex -54.3701 -74.8341 2.9
      vertex -49.564 -78.1003 2.9
    endloop
  endfacet
  facet normal -0 0 1
    outer loop
      vertex -58.9617 71.2725 2.9
      vertex -54.3701 -74.8341 2.9
      vertex -54.3701 74.8341 2.9
    endloop
  endfacet
  facet normal 0 0 1
    outer loop
      vertex -58.9617 71.2725 2.9
      vertex -58.9617 -71.2725 2.9
      vertex -54.3701 -74.8341 2.9
    endloop
  endfacet
  facet normal -0 0 1
    outer loop
      vertex -63.3206 67.4296 2.9
      vertex -58.9617 -71.2725 2.9
      vertex -58.9617 71.2725 2.9
    endloop
  endfacet
  facet normal 0 0 1
    outer loop
      vertex -63.3206 67.4296 2.9
      vertex -63.3206 -67.4296 2.9
      vertex -58.9617 -71.2725 2.9
    endloop
  endfacet
  facet normal -0 0 1
    outer loop
      vertex -67.4296 63.3206 2.9
      vertex -63.3206 -67.4296 2.9
      vertex -63.3206 67.4296 2.9
    endloop
  endfacet
  facet normal 0 0 1
    outer loop
      vertex -67.4296 63.3206 2.9
      vertex -67.4296 -63.3206 2.9
      vertex -63.3206 -67.4296 2.9
    endloop
  endfacet
  facet normal -0 0 1
    outer loop
      vertex -71.2725 58.9617 2.9
      vertex -67.4296 -63.3206 2.9
      vertex -67.4296 63.3206 2.9
    endloop
  endfacet
  facet normal 0 0 1
    outer loop
      vertex -71.2725 58.9617 2.9
      vertex -71.2725 -58.9617 2.9
      vertex -67.4296 -63.3206 2.9
    endloop
  endfacet
  facet normal -0 0 1
    outer loop
      vertex -74.8341 54.3701 2.9
      vertex -71.2725 -58.9617 2.9
      vertex -71.2725 58.9617 2.9
    endloop
  endfacet
  facet normal 0 0 1
    outer loop
      vertex -74.8341 54.3701 2.9
      vertex -74.8341 -54.3701 2.9
      vertex -71.2725 -58.9617 2.9
    endloop
  endfacet
  facet normal -0 0 1
    outer loop
      vertex -78.1003 49.564 2.9
      vertex -74.8341 -54.3701 2.9
      vertex -74.8341 54.3701 2.9
    endloop
  endfacet
  facet normal 0 0 1
    outer loop
      vertex -78.1003 49.564 2.9
      vertex -78.1003 -49.564 2.9
      vertex -74.8341 -54.3701 2.9
    endloop
  endfacet
  facet normal -0 0 1
    outer loop
      vertex -81.0584 44.5622 2.9
      vertex -78.1003 -49.564 2.9
      vertex -78.1003 49.564 2.9
    endloop
  endfacet
  facet normal 0 0 1
    outer loop
      vertex -81.0584 44.5622 2.9
      vertex -81.0584 -44.5622 2.9
      vertex -78.1003 -49.564 2.9
    endloop
  endfacet
  facet normal -0 0 1
    outer loop
      vertex -83.6965 39.3846 2.9
      vertex -81.0584 -44.5622 2.9
      vertex -81.0584 44.5622 2.9
    endloop
  endfacet
  facet normal 0 0 1
    outer loop
      vertex -83.6965 39.3846 2.9
      vertex -83.6965 -39.3846 2.9
      vertex -81.0584 -44.5622 2.9
    endloop
  endfacet
  facet normal -0 0 1
    outer loop
      vertex -86.0043 34.0515 2.9
      vertex -83.6965 -39.3846 2.9
      vertex -83.6965 39.3846 2.9
    endloop
  endfacet
  facet normal 0 0 1
    outer loop
      vertex -86.0043 34.0515 2.9
      vertex -86.0043 -34.0515 2.9
      vertex -83.6965 -39.3846 2.9
    endloop
  endfacet
  facet normal -0 0 1
    outer loop
      vertex -87.9727 28.5841 2.9
      vertex -86.0043 -34.0515 2.9
      vertex -86.0043 34.0515 2.9
    endloop
  endfacet
  facet normal 0 0 1
    outer loop
      vertex -87.9727 28.5841 2.9
      vertex -87.9727 -28.5841 2.9
      vertex -86.0043 -34.0515 2.9
    endloop
  endfacet
  facet normal -0 0 1
    outer loop
      vertex -89.5939 23.0038 2.9
      vertex -87.9727 -28.5841 2.9
      vertex -87.9727 28.5841 2.9
    endloop
  endfacet
  facet normal 0 0 1
    outer loop
      vertex -89.5939 23.0038 2.9
      vertex -89.5939 -23.0038 2.9
      vertex -87.9727 -28.5841 2.9
    endloop
  endfacet
  facet normal -0 0 1
    outer loop
      vertex -90.8616 17.3328 2.9
      vertex -89.5939 -23.0038 2.9
      vertex -89.5939 23.0038 2.9
    endloop
  endfacet
  facet normal 0 0 1
    outer loop
      vertex -90.8616 17.3328 2.9
      vertex -90.8616 -17.3328 2.9
      vertex -89.5939 -23.0038 2.9
    endloop
  endfacet
  facet normal -0 0 1
    outer loop
      vertex -91.7706 11.5933 2.9
      vertex -90.8616 -17.3328 2.9
      vertex -90.8616 17.3328 2.9
    endloop
  endfacet
  facet normal 0 0 1
    outer loop
      vertex -91.7706 11.5933 2.9
      vertex -91.7706 -11.5933 2.9
      vertex -90.8616 -17.3328 2.9
    endloop
  endfacet
  facet normal -0 0 1
    outer loop
      vertex -92.3175 5.80812 2.9
      vertex -91.7706 -11.5933 2.9
      vertex -91.7706 11.5933 2.9
    endloop
  endfacet
  facet normal 0 0 1
    outer loop
      vertex -92.3175 5.80812 2.9
      vertex -92.3175 -5.80812 2.9
      vertex -91.7706 -11.5933 2.9
    endloop
  endfacet
  facet normal 0 -0 1
    outer loop
      vertex -92.3175 -5.80812 2.9
      vertex -92.3175 5.80812 2.9
      vertex -92.5 0 2.9
    endloop
  endfacet
  facet normal 0.562081 0.827082 -0
    outer loop
      vertex -49.564 -78.1003 2.9
      vertex -54.3701 -74.8341 3
      vertex -49.564 -78.1003 3
    endloop
  endfacet
  facet normal 0.562081 0.827082 0
    outer loop
      vertex -54.3701 -74.8341 3
      vertex -49.564 -78.1003 2.9
      vertex -54.3701 -74.8341 2.9
    endloop
  endfacet
  facet normal 0 0 -1
    outer loop
      vertex 92.3175 -5.80812 3
      vertex 92.3175 5.80812 3
      vertex 92.5 0 3
    endloop
  endfacet
  facet normal 0 0 -1
    outer loop
      vertex 91.7706 -11.5933 3
      vertex 92.3175 5.80812 3
      vertex 92.3175 -5.80812 3
    endloop
  endfacet
  facet normal 0 0 -1
    outer loop
      vertex 91.7706 -11.5933 3
      vertex 91.7706 11.5933 3
      vertex 92.3175 5.80812 3
    endloop
  endfacet
  facet normal 0 0 -1
    outer loop
      vertex 90.8616 -17.3328 3
      vertex 91.7706 11.5933 3
      vertex 91.7706 -11.5933 3
    endloop
  endfacet
  facet normal 0 0 -1
    outer loop
      vertex 90.8616 -17.3328 3
      vertex 90.8616 17.3328 3
      vertex 91.7706 11.5933 3
    endloop
  endfacet
  facet normal 0 0 -1
    outer loop
      vertex 89.5939 -23.0038 3
      vertex 90.8616 17.3328 3
      vertex 90.8616 -17.3328 3
    endloop
  endfacet
  facet normal 0 0 -1
    outer loop
      vertex 89.5939 -23.0038 3
      vertex 89.5939 23.0038 3
      vertex 90.8616 17.3328 3
    endloop
  endfacet
  facet normal 0 0 -1
    outer loop
      vertex 87.9727 -28.5841 3
      vertex 89.5939 23.0038 3
      vertex 89.5939 -23.0038 3
    endloop
  endfacet
  facet normal 0 0 -1
    outer loop
      vertex 87.9727 -28.5841 3
      vertex 87.9727 28.5841 3
      vertex 89.5939 23.0038 3
    endloop
  endfacet
  facet normal 0 0 -1
    outer loop
      vertex 86.0043 -34.0515 3
      vertex 87.9727 28.5841 3
      vertex 87.9727 -28.5841 3
    endloop
  endfacet
  facet normal 0 0 -1
    outer loop
      vertex 86.0043 -34.0515 3
      vertex 86.0043 34.0515 3
      vertex 87.9727 28.5841 3
    endloop
  endfacet
  facet normal 0 0 -1
    outer loop
      vertex 83.6965 -39.3846 3
      vertex 86.0043 34.0515 3
      vertex 86.0043 -34.0515 3
    endloop
  endfacet
  facet normal 0 0 -1
    outer loop
      vertex 83.6965 -39.3846 3
      vertex 83.6965 39.3846 3
      vertex 86.0043 34.0515 3
    endloop
  endfacet
  facet normal 0 0 -1
    outer loop
      vertex 81.0584 -44.5622 3
      vertex 83.6965 39.3846 3
      vertex 83.6965 -39.3846 3
    endloop
  endfacet
  facet normal 0 0 -1
    outer loop
      vertex 81.0584 -44.5622 3
      vertex 81.0584 44.5622 3
      vertex 83.6965 39.3846 3
    endloop
  endfacet
  facet normal 0 0 -1
    outer loop
      vertex 78.1003 -49.564 3
      vertex 81.0584 44.5622 3
      vertex 81.0584 -44.5622 3
    endloop
  endfacet
  facet normal 0 0 -1
    outer loop
      vertex 78.1003 -49.564 3
      vertex 78.1003 49.564 3
      vertex 81.0584 44.5622 3
    endloop
  endfacet
  facet normal 0 0 -1
    outer loop
      vertex 74.8341 -54.3701 3
      vertex 78.1003 49.564 3
      vertex 78.1003 -49.564 3
    endloop
  endfacet
  facet normal 0 0 -1
    outer loop
      vertex 74.8341 -54.3701 3
      vertex 74.8341 54.3701 3
      vertex 78.1003 49.564 3
    endloop
  endfacet
  facet normal 0 0 -1
    outer loop
      vertex 71.2725 -58.9617 3
      vertex 74.8341 54.3701 3
      vertex 74.8341 -54.3701 3
    endloop
  endfacet
  facet normal 0 0 -1
    outer loop
      vertex 71.2725 -58.9617 3
      vertex 71.2725 58.9617 3
      vertex 74.8341 54.3701 3
    endloop
  endfacet
  facet normal 0 0 -1
    outer loop
      vertex 67.4296 -63.3206 3
      vertex 71.2725 58.9617 3
      vertex 71.2725 -58.9617 3
    endloop
  endfacet
  facet normal 0 0 -1
    outer loop
      vertex 67.4296 -63.3206 3
      vertex 67.4296 63.3206 3
      vertex 71.2725 58.9617 3
    endloop
  endfacet
  facet normal 0 0 -1
    outer loop
      vertex 63.3206 -67.4296 3
      vertex 67.4296 63.3206 3
      vertex 67.4296 -63.3206 3
    endloop
  endfacet
  facet normal 0 0 -1
    outer loop
      vertex 63.3206 -67.4296 3
      vertex 63.3206 67.4296 3
      vertex 67.4296 63.3206 3
    endloop
  endfacet
  facet normal 0 0 -1
    outer loop
      vertex 58.9617 -71.2725 3
      vertex 63.3206 67.4296 3
      vertex 63.3206 -67.4296 3
    endloop
  endfacet
  facet normal 0 0 -1
    outer loop
      vertex 58.9617 -71.2725 3
      vertex 58.9617 71.2725 3
      vertex 63.3206 67.4296 3
    endloop
  endfacet
  facet normal 0 0 -1
    outer loop
      vertex 54.3701 -74.8341 3
      vertex 58.9617 71.2725 3
      vertex 58.9617 -71.2725 3
    endloop
  endfacet
  facet normal 0 0 -1
    outer loop
      vertex 54.3701 -74.8341 3
      vertex 54.3701 74.8341 3
      vertex 58.9617 71.2725 3
    endloop
  endfacet
  facet normal 0 0 -1
    outer loop
      vertex 49.564 -78.1003 3
      vertex 54.3701 74.8341 3
      vertex 54.3701 -74.8341 3
    endloop
  endfacet
  facet normal 0 0 -1
    outer loop
      vertex 49.564 -78.1003 3
      vertex 49.564 78.1003 3
      vertex 54.3701 74.8341 3
    endloop
  endfacet
  facet normal 0 0 -1
    outer loop
      vertex 44.5622 -81.0584 3
      vertex 49.564 78.1003 3
      vertex 49.564 -78.1003 3
    endloop
  endfacet
  facet normal 0 0 -1
    outer loop
      vertex 44.5622 -81.0584 3
      vertex 44.5622 81.0584 3
      vertex 49.564 78.1003 3
    endloop
  endfacet
  facet normal 0 0 -1
    outer loop
      vertex 39.3846 -83.6965 3
      vertex 44.5622 81.0584 3
      vertex 44.5622 -81.0584 3
    endloop
  endfacet
  facet normal 0 0 -1
    outer loop
      vertex 39.3846 -83.6965 3
      vertex 39.3846 83.6965 3
      vertex 44.5622 81.0584 3
    endloop
  endfacet
  facet normal 0 0 -1
    outer loop
      vertex 34.0515 -86.0043 3
      vertex 39.3846 83.6965 3
      vertex 39.3846 -83.6965 3
    endloop
  endfacet
  facet normal 0 0 -1
    outer loop
      vertex 34.0515 -86.0043 3
      vertex 34.0515 86.0043 3
      vertex 39.3846 83.6965 3
    endloop
  endfacet
  facet normal 0 0 -1
    outer loop
      vertex 28.5841 -87.9727 3
      vertex 34.0515 86.0043 3
      vertex 34.0515 -86.0043 3
    endloop
  endfacet
  facet normal 0 0 -1
    outer loop
      vertex 28.5841 -87.9727 3
      vertex 28.5841 87.9727 3
      vertex 34.0515 86.0043 3
    endloop
  endfacet
  facet normal 0 0 -1
    outer loop
      vertex 23.0038 -89.5939 3
      vertex 28.5841 87.9727 3
      vertex 28.5841 -87.9727 3
    endloop
  endfacet
  facet normal 0 0 -1
    outer loop
      vertex 23.0038 -89.5939 3
      vertex 23.0038 89.5939 3
      vertex 28.5841 87.9727 3
    endloop
  endfacet
  facet normal 0 0 -1
    outer loop
      vertex 17.3328 -90.8616 3
      vertex 23.0038 89.5939 3
      vertex 23.0038 -89.5939 3
    endloop
  endfacet
  facet normal 0 0 -1
    outer loop
      vertex 17.3328 -90.8616 3
      vertex 17.3328 90.8616 3
      vertex 23.0038 89.5939 3
    endloop
  endfacet
  facet normal 0 0 -1
    outer loop
      vertex 11.5933 -91.7706 3
      vertex 17.3328 90.8616 3
      vertex 17.3328 -90.8616 3
    endloop
  endfacet
  facet normal 0 0 -1
    outer loop
      vertex 11.5933 -91.7706 3
      vertex 11.5933 91.7706 3
      vertex 17.3328 90.8616 3
    endloop
  endfacet
  facet normal 0 0 -1
    outer loop
      vertex 5.80812 -92.3175 3
      vertex 11.5933 91.7706 3
      vertex 11.5933 -91.7706 3
    endloop
  endfacet
  facet normal 0 0 -1
    outer loop
      vertex 5.80812 -92.3175 3
      vertex 5.80812 92.3175 3
      vertex 11.5933 91.7706 3
    endloop
  endfacet
  facet normal 0 0 -1
    outer loop
      vertex 0 -92.5 3
      vertex 5.80812 92.3175 3
      vertex 5.80812 -92.3175 3
    endloop
  endfacet
  facet normal 0 0 -1
    outer loop
      vertex 0 -92.5 3
      vertex 0 92.5 3
      vertex 5.80812 92.3175 3
    endloop
  endfacet
  facet normal 0 0 -1
    outer loop
      vertex -5.80812 -92.3175 3
      vertex 0 92.5 3
      vertex 0 -92.5 3
    endloop
  endfacet
  facet normal 0 0 -1
    outer loop
      vertex -5.80812 -92.3175 3
      vertex -5.80812 92.3175 3
      vertex 0 92.5 3
    endloop
  endfacet
  facet normal 0 0 -1
    outer loop
      vertex -11.5933 -91.7706 3
      vertex -5.80812 92.3175 3
      vertex -5.80812 -92.3175 3
    endloop
  endfacet
  facet normal 0 0 -1
    outer loop
      vertex -11.5933 -91.7706 3
      vertex -11.5933 91.7706 3
      vertex -5.80812 92.3175 3
    endloop
  endfacet
  facet normal 0 0 -1
    outer loop
      vertex -17.3328 -90.8616 3
      vertex -11.5933 91.7706 3
      vertex -11.5933 -91.7706 3
    endloop
  endfacet
  facet normal 0 0 -1
    outer loop
      vertex -17.3328 -90.8616 3
      vertex -17.3328 90.8616 3
      vertex -11.5933 91.7706 3
    endloop
  endfacet
  facet normal 0 0 -1
    outer loop
      vertex -23.0038 -89.5939 3
      vertex -17.3328 90.8616 3
      vertex -17.3328 -90.8616 3
    endloop
  endfacet
  facet normal 0 0 -1
    outer loop
      vertex -23.0038 -89.5939 3
      vertex -23.0038 89.5939 3
      vertex -17.3328 90.8616 3
    endloop
  endfacet
  facet normal 0 0 -1
    outer loop
      vertex -28.5841 -87.9727 3
      vertex -23.0038 89.5939 3
      vertex -23.0038 -89.5939 3
    endloop
  endfacet
  facet normal 0 0 -1
    outer loop
      vertex -28.5841 -87.9727 3
      vertex -28.5841 87.9727 3
      vertex -23.0038 89.5939 3
    endloop
  endfacet
  facet normal 0 0 -1
    outer loop
      vertex -34.0515 -86.0043 3
      vertex -28.5841 87.9727 3
      vertex -28.5841 -87.9727 3
    endloop
  endfacet
  facet normal 0 0 -1
    outer loop
      vertex -34.0515 -86.0043 3
      vertex -34.0515 86.0043 3
      vertex -28.5841 87.9727 3
    endloop
  endfacet
  facet normal 0 0 -1
    outer loop
      vertex -39.3846 -83.6965 3
      vertex -34.0515 86.0043 3
      vertex -34.0515 -86.0043 3
    endloop
  endfacet
  facet normal 0 0 -1
    outer loop
      vertex -39.3846 -83.6965 3
      vertex -39.3846 83.6965 3
      vertex -34.0515 86.0043 3
    endloop
  endfacet
  facet normal 0 0 -1
    outer loop
      vertex -44.5622 -81.0584 3
      vertex -39.3846 83.6965 3
      vertex -39.3846 -83.6965 3
    endloop
  endfacet
  facet normal 0 0 -1
    outer loop
      vertex -44.5622 -81.0584 3
      vertex -44.5622 81.0584 3
      vertex -39.3846 83.6965 3
    endloop
  endfacet
  facet normal 0 0 -1
    outer loop
      vertex -49.564 -78.1003 3
      vertex -44.5622 81.0584 3
      vertex -44.5622 -81.0584 3
    endloop
  endfacet
  facet normal 0 0 -1
    outer loop
      vertex -49.564 -78.1003 3
      vertex -49.564 78.1003 3
      vertex -44.5622 81.0584 3
    endloop
  endfacet
  facet normal 0 0 -1
    outer loop
      vertex -54.3701 -74.8341 3
      vertex -49.564 78.1003 3
      vertex -49.564 -78.1003 3
    endloop
  endfacet
  facet normal 0 0 -1
    outer loop
      vertex -54.3701 -74.8341 3
      vertex -54.3701 74.8341 3
      vertex -49.564 78.1003 3
    endloop
  endfacet
  facet normal 0 0 -1
    outer loop
      vertex -58.9617 -71.2725 3
      vertex -54.3701 74.8341 3
      vertex -54.3701 -74.8341 3
    endloop
  endfacet
  facet normal 0 0 -1
    outer loop
      vertex -58.9617 -71.2725 3
      vertex -58.9617 71.2725 3
      vertex -54.3701 74.8341 3
    endloop
  endfacet
  facet normal 0 0 -1
    outer loop
      vertex -63.3206 -67.4296 3
      vertex -58.9617 71.2725 3
      vertex -58.9617 -71.2725 3
    endloop
  endfacet
  facet normal 0 0 -1
    outer loop
      vertex -63.3206 -67.4296 3
      vertex -63.3206 67.4296 3
      vertex -58.9617 71.2725 3
    endloop
  endfacet
  facet normal 0 0 -1
    outer loop
      vertex -67.4296 -63.3206 3
      vertex -63.3206 67.4296 3
      vertex -63.3206 -67.4296 3
    endloop
  endfacet
  facet normal 0 0 -1
    outer loop
      vertex -67.4296 -63.3206 3
      vertex -67.4296 63.3206 3
      vertex -63.3206 67.4296 3
    endloop
  endfacet
  facet normal 0 0 -1
    outer loop
      vertex -71.2725 -58.9617 3
      vertex -67.4296 63.3206 3
      vertex -67.4296 -63.3206 3
    endloop
  endfacet
  facet normal 0 0 -1
    outer loop
      vertex -71.2725 -58.9617 3
      vertex -71.2725 58.9617 3
      vertex -67.4296 63.3206 3
    endloop
  endfacet
  facet normal 0 0 -1
    outer loop
      vertex -74.8341 -54.3701 3
      vertex -71.2725 58.9617 3
      vertex -71.2725 -58.9617 3
    endloop
  endfacet
  facet normal 0 0 -1
    outer loop
      vertex -74.8341 -54.3701 3
      vertex -74.8341 54.3701 3
      vertex -71.2725 58.9617 3
    endloop
  endfacet
  facet normal 0 0 -1
    outer loop
      vertex -78.1003 -49.564 3
      vertex -74.8341 54.3701 3
      vertex -74.8341 -54.3701 3
    endloop
  endfacet
  facet normal 0 0 -1
    outer loop
      vertex -78.1003 -49.564 3
      vertex -78.1003 49.564 3
      vertex -74.8341 54.3701 3
    endloop
  endfacet
  facet normal 0 0 -1
    outer loop
      vertex -81.0584 -44.5622 3
      vertex -78.1003 49.564 3
      vertex -78.1003 -49.564 3
    endloop
  endfacet
  facet normal 0 0 -1
    outer loop
      vertex -81.0584 -44.5622 3
      vertex -81.0584 44.5622 3
      vertex -78.1003 49.564 3
    endloop
  endfacet
  facet normal 0 0 -1
    outer loop
      vertex -83.6965 -39.3846 3
      vertex -81.0584 44.5622 3
      vertex -81.0584 -44.5622 3
    endloop
  endfacet
  facet normal 0 0 -1
    outer loop
      vertex -83.6965 -39.3846 3
      vertex -83.6965 39.3846 3
      vertex -81.0584 44.5622 3
    endloop
  endfacet
  facet normal 0 0 -1
    outer loop
      vertex -86.0043 -34.0515 3
      vertex -83.6965 39.3846 3
      vertex -83.6965 -39.3846 3
    endloop
  endfacet
  facet normal 0 0 -1
    outer loop
      vertex -86.0043 -34.0515 3
      vertex -86.0043 34.0515 3
      vertex -83.6965 39.3846 3
    endloop
  endfacet
  facet normal 0 0 -1
    outer loop
      vertex -87.9727 -28.5841 3
      vertex -86.0043 34.0515 3
      vertex -86.0043 -34.0515 3
    endloop
  endfacet
  facet normal 0 0 -1
    outer loop
      vertex -87.9727 -28.5841 3
      vertex -87.9727 28.5841 3
      vertex -86.0043 34.0515 3
    endloop
  endfacet
  facet normal 0 0 -1
    outer loop
      vertex -89.5939 -23.0038 3
      vertex -87.9727 28.5841 3
      vertex -87.9727 -28.5841 3
    endloop
  endfacet
  facet normal 0 0 -1
    outer loop
      vertex -89.5939 -23.0038 3
      vertex -89.5939 23.0038 3
      vertex -87.9727 28.5841 3
    endloop
  endfacet
  facet normal 0 0 -1
    outer loop
      vertex -90.8616 -17.3328 3
      vertex -89.5939 23.0038 3
      vertex -89.5939 -23.0038 3
    endloop
  endfacet
  facet normal 0 0 -1
    outer loop
      vertex -90.8616 -17.3328 3
      vertex -90.8616 17.3328 3
      vertex -89.5939 23.0038 3
    endloop
  endfacet
  facet normal 0 0 -1
    outer loop
      vertex -91.7706 -11.5933 3
      vertex -90.8616 17.3328 3
      vertex -90.8616 -17.3328 3
    endloop
  endfacet
  facet normal 0 0 -1
    outer loop
      vertex -91.7706 -11.5933 3
      vertex -91.7706 11.5933 3
      vertex -90.8616 17.3328 3
    endloop
  endfacet
  facet normal 0 0 -1
    outer loop
      vertex -92.3175 -5.80812 3
      vertex -91.7706 11.5933 3
      vertex -91.7706 -11.5933 3
    endloop
  endfacet
  facet normal 0 0 -1
    outer loop
      vertex -92.3175 -5.80812 3
      vertex -92.3175 5.80812 3
      vertex -91.7706 11.5933 3
    endloop
  endfacet
  facet normal 0 -0 -1
    outer loop
      vertex -92.3175 5.80812 3
      vertex -92.3175 -5.80812 3
      vertex -92.5 0 3
    endloop
  endfacet
endsolid OpenSCAD_Model
